"Residuals","Fitted_Values"
-13.2742906950904,15.1142906950904
-15.1356423890776,18.6856423890776
-12.6377818288163,16.6377818288163
-15.9317759952389,20.9317759952389
-17.5387421709456,22.9887421709456
-16.1162258135849,22.0162258135849
-16.990452228175,23.990452228175
-14.2178946911733,22.4778946911733
-12.3889463153376,23.3889463153376
-11.1575251692921,24.6575251692921
-6.2528022593511,23.0528022593511
-5.12791362519493,22.7279136251949
-21.6302868991073,45.4902868991073
10.7759953302415,30.4240046697585
11.3143073724492,33.6856926275508
9.04913882108694,37.9508611789131
-11.2136887476789,60.6136887476789
6.0396242597709,45.7603757402291
-2.47400907128652,56.7740090712865
-7.79279085159399,64.692790851594
-5.18745775410102,64.787457754101
-2.8413674736139,65.2413674736139
6.99031629367412,58.4096837063259
11.1760468564213,57.3739531435787
-29.0990695184117,39.2790695184117
-33.9081828335889,45.1381828335889
-31.8593589063746,44.3593589063746
-55.0624147140974,69.9624147140974
-27.4582313219898,45.6582313219898
-23.7999822949777,46.2999822949777
-19.8642233319544,49.3642233319544
-10.3040995209097,48.5040995209097
-8.48305789789054,51.4330578978905
-2.20458492099768,49.8945849209977
-1.46749156605065,50.5074915660507
11.6435574553136,47.3364425446864
3.19755632153122,40.5435469842539
3.19755632153122,40.5435469842539
3.19755632153122,40.5435469842539
3.19755632153122,40.5435469842539
3.19755632153122,40.5435469842539
3.19755632153122,40.5435469842539
3.19755632153122,40.5435469842539
3.19755632153122,40.5435469842539
3.19755632153122,40.5435469842539
3.19755632153122,40.5435469842539
3.19755632153122,40.5435469842539
3.19755632153122,40.5435469842539
34.1828706486029,35.8571293513971
41.6668991881685,36.8631008118315
42.7258385490357,38.2741614509643
42.5266697028423,38.4733302971577
44.9794604265902,37.7205395734098
46.8009871801997,37.5990128198003
47.518645921856,38.5813540781439
46.9758801717168,40.9241198282832
46.9124699497041,42.7875300502959
47.4828088347133,44.0871911652867
-0.795061699225664,44.5361650050108
42.2148019235609,48.5051980764391
-11.3505457911468,13.2505457911468
-24.5598570647991,26.8598570647991
-26.1459984887491,28.9459984887491
-28.4234372338381,33.1234372338381
-24.9795413047586,32.6795413047586
-19.0447165040482,32.0447165040482
-11.1848032443081,32.5448032443081
-9.1187898763204,31.1187898763204
-4.97158075262024,28.1715807526202
-1.85748092729331,27.8574809272933
19.1167952140005,9.88320478599953
6.62513104923433,25.5048689507657
-28.1134055587575,66.1134055587575
-23.8184127646195,65.8184127646195
-30.574880742909,77.574880742909
-28.2322230715736,80.2322230715736
-2.25957526078298,60.259575260783
8.6837355390727,54.7162644609273
12.3192921520121,55.4607078479879
-6.90797182505444,76.9079718250544
-5.52155781815335,78.5215578181534
-2.77888808975046,78.9788880897505
35.8637335080316,43.7362664919684
5.08933948065713,78.1106605193429
-30.1709276724209,58.2809276724209
-29.6205900728402,63.6205900728402
-26.6819158273383,71.6819158273383
-23.3678984223915,74.3678984223915
-21.6047442420361,77.4047442420361
-18.948375492326,78.848375492326
-9.57365018255773,74.2736501825577
12.560138077377,55.479861922623
-2.09565883630041,73.0656588363004
2.42541000971245,71.8645899902876
11.1925789319418,66.5074210680582
15.1311928354979,64.8188071645021
-29.0565164514011,35.2665164514011
-27.1652343147533,42.4652343147533
-37.5425560284345,62.5425560284345
-21.5819550322705,53.5819550322705
-19.8386193938189,57.3386193938189
-10.8165504663407,52.7165504663407
-0.984012707987842,55.6040127079878
1.28601727084325,57.8139827291568
6.72257816090215,57.6274218390978
4.72694073560676,60.0130592643932
9.49589022458285,58.7541097754172
5.60347579815176,60.9365242018482
1.88784160302442,50.1121583969756
5.6045646819301,52.3954353180699
8.40724582532152,53.5927541746785
27.0707296219343,41.9292703780657
19.7239349448864,54.2760650551136
23.9494673897202,54.9505326102798
28.8497218486552,54.9302781513448
34.1905256078414,54.4694743921586
50.8247356838652,42.7152643161348
54.5910009645857,42.5789990354143
1.07126074989044,42.6698425558947
-10.0677956527933,53.8088989585784
11.3956391295176,60.2743608704824
33.7509765350874,40.4990234649126
15.3667290386246,60.6332709613754
37.9672898322933,41.5227101677067
37.3346330998961,41.6653669001039
41.3464576866929,42.1035423133072
23.3026368564186,60.6973631435814
42.2454201890181,42.3145798109819
25.1054991729066,61.4345008270934
44.3730377427899,42.1769622572101
28.0826560687004,61.9173439312996
50.4725462712509,43.1374537287491
2.57190093330409,70.2980990666959
2.16757470093994,71.2824252990601
-0.272356836946759,75.4423568369468
-0.718369470768399,79.4583694707684
-0.354392109369937,80.3843921093699
-1.50649761118723,82.1264976111872
-0.482720443553558,81.4827204435536
4.91958783531698,79.020412164683
15.0310770556213,69.2889229443787
16.5809652266828,71.3590347733172
17.7586069943271,69.7213930056729
18.9181589873772,68.8318410126228
-21.8945819598404,38.9745819598404
-14.2456016858412,41.6456016858412
1.38856047998577,44.6114395200142
3.07660482173665,46.9233951782633
7.88012354197532,46.3198764580247
27.0827806049704,45.9172193950296
26.4187543750881,48.5812456249119
29.0660704133695,47.9339295866305
33.1144390968454,45.0855609031546
34.6156695424396,44.3843304575604
37.0913230969366,42.7086769030634
35.864661487063,45.235338512937
-10.8241665362594,42.3641665362594
-7.71767813478039,41.5976781347804
-3.36511234708988,46.3651123470899
30.0029894564447,34.9970105435553
36.4751374070345,35.2748625929655
36.5786762667409,35.4213237332591
38.4448055140502,38.4751944859498
42.8750808688501,35.1249191311499
38.5869752199787,41.4130247800213
41.1047966216446,39.4952033783554
41.1231175427583,41.8768824572417
45.27196271105,45.41803728895
6.10814942872171,45.8418505712783
10.4314624606709,42.5685375393291
9.07006868299909,45.9299313170009
25.989487106748,51.010512893252
26.0375063455597,61.9624936544403
27.8361195854069,62.1638804145931
27.3293503304111,63.1706496695889
28.5165099345606,64.9634900654394
24.0229450494663,73.9770549505337
38.8480958490315,57.0319041509685
50.4539152094736,48.1860847905264
54.7799415120045,44.9200584879955
-10.6344116109889,13.1344116109889
-11.4419602917664,14.5419602917664
0.284931513713222,3.41506848628678
-16.8512816146737,21.3512816146737
-19.2707839592404,24.2707839592404
-21.4343214718209,28.0643214718209
-18.9058338211986,30.8058338211986
-17.9863650247953,30.8863650247953
-1.31870122331096,19.418701223311
-12.8994533039881,34.3994533039881
-11.2521984588713,36.8521984588712
-7.33520354966199,37.735203549662
14.0670304203968,47.3329695796032
10.3933575063645,54.3066424936355
9.48117603947514,55.6188239605249
12.1092756123932,54.3907243876068
16.0059651986186,55.1940348013814
19.7310756682603,52.0689243317397
20.5088316235994,51.3911683764006
17.9559064099764,54.0440935900236
18.6061644151519,53.5938355848481
18.3599802114279,53.940019788572
25.2915187102543,47.1084812897458
25.5624093165265,47.0375906834735
-31.2340850425301,54.2340850425301
-34.3263333722214,61.7563333722214
-33.5364276589899,65.3364276589899
-27.7535987894564,67.4035987894564
-21.5188717249346,68.4288717249346
-17.5682583693406,71.7382583693406
-13.7725214656449,72.7925214656449
-10.2077861249401,72.4377861249401
-1.46845838050484,72.5784583805048
3.00445969790089,71.4355403020991
6.79470248883906,72.3352975111609
9.89220817168797,72.897791828312
2.4598252118304,66.4001747881696
6.03980128398603,68.500198716014
8.60217298466632,69.0378270153337
12.5513081530078,69.0586918469922
11.9616518106954,68.7583481893046
12.2878379065512,69.8821620934488
13.6224224205421,71.3775775794579
12.8132710900246,72.2367289099754
15.4576990491956,71.0623009508044
20.4770198818232,67.2029801181769
21.4167744086204,67.2332255913797
22.6873500449807,67.5926499550193
4.51814995914553,21.7818500408545
4.78282890860055,22.4171710913995
2.6417630702374,25.5582369297626
3.00548201003758,27.6945179899624
8.79437227380142,22.2056277261986
10.5145092277866,23.0854907722134
16.6964302310076,22.0035697689924
16.2081382409206,25.3818617590794
18.3673453899539,26.2126546100461
18.4368779028573,28.6431220971427
21.5292702572664,28.2707297427336
22.7058826624506,30.5941173375494
-16.3861816559359,18.2361816559359
-21.6051008286198,23.8451008286198
-26.988924161931,30.118924161931
-10.8162269451912,14.9662269451912
-28.4798615470163,32.9798615470163
-34.2156017585663,39.1156017585663
-27.8307926608604,33.8307926608604
-9.22399892822738,20.4839989282274
-16.0113466333338,30.5113466333338
-9.58467878671019,28.2846787867102
2.06854082700141,16.9314591729986
-13.7057237093389,34.2057237093389
35.0075320718514,47.2924679281486
32.4180214402296,50.8319785597704
31.2168743621983,52.9931256378017
48.829932069509,39.510067930491
37.2145929536358,54.0854070463642
39.4937422420927,55.8062577579073
59.4159995522925,37.3840004477075
71.8865113218661,26.4334886781339
57.4484723682282,40.5515276317718
57.3430665583835,41.0269334416165
2.43983813451841,41.3012651712667
0.487054378674139,43.254048927111
-9.80827596163073,16.3582759616307
-16.7418771708418,23.9118771708418
-11.4287417653863,25.0287417653863
-14.591338866157,28.991338866157
-28.7083055196717,44.3083055196717
-11.6279486996524,34.0279486996524
-8.4351846763503,38.7351846763503
0.0779605120957625,39.7220394879042
5.42341172550622,41.0765882744938
-2.12358480314814,56.4235848031481
24.7535021956699,38.7464978043301
34.5575990081343,39.6224009918657
-3.21595008986053,15.7159500898605
-2.91509510318525,19.7150951031853
-5.26956436789518,27.6695643678952
-3.28976177865722,33.2897617786572
3.19079992675682,32.1492000732432
-3.96482327363219,40.9548232736322
-8.30996485686514,42.9099648568651
-4.06649622022392,41.5564962202239
0.444480497766285,39.2555195022337
1.303134002429,42.526865997571
-2.41537664251323,46.7053766425132
-4.03536861418458,51.5053686141846
4.68375285086103,29.976247149139
3.7532813324991,33.9867186675009
9.5108381725138,33.2391618274862
-13.438467570018,57.328467570018
8.53063654584099,36.529363454159
11.038307584826,37.481692415174
11.5509150158272,38.3690849841728
14.719785066276,37.880214933724
22.8445190471079,37.4154809528921
27.7731802951957,37.1168197048043
32.5351875510244,37.5848124489756
28.5882269482433,41.3617730517567
-27.1384543726432,33.3884543726432
-22.7163223757605,28.8663223757605
-43.3993717685831,49.3993717685831
-47.2834359328639,56.2834359328639
-39.1812303113686,55.1812303113686
-28.011922745757,58.011922745757
-24.5732251274362,61.3132251274362
-11.0142858127695,48.3242858127695
-17.8331547806131,57.1931547806131
-15.4555720018048,56.8655720018048
1.14920577983125,56.8507942201687
3.86479745897609,60.9652025410239
2.50264573144758,31.3273542685524
3.20334077843825,36.0166592215617
-3.133097758881,43.783097758881
-4.90638147612038,50.5963814761204
-5.87478798474783,54.4347879847478
-8.30101982470216,59.3410198247022
-7.51440584938799,62.064405849388
0.694986715466226,57.6350132845338
7.02312426412129,53.8468757358787
19.9285681818759,47.5414318181241
25.2676110835125,45.1623889164875
30.2916205646063,43.6183794353937
6.65182770251368,37.0892756032714
-30.066654852832,66.066654852832
-28.577172095238,65.577172095238
-26.2124895785507,63.6124895785507
-27.6058403480978,65.2058403480978
-26.528351776043,70.2694550818281
-27.429675198647,71.1707785044321
-29.3673517700878,73.1084550758729
25.2882262124607,52.4117737875393
20.8795056509596,56.8204943490405
-8.07991542948565,51.8210187352707
-7.21572518159567,50.9568284873808
3.76062964339283,42.2393703566072
6.36935486098897,42.630645139011
8.55498006019638,44.4450199398036
11.3828171592495,44.6171828407505
13.9143094340022,46.3556905659978
18.7013070547125,45.7986929452875
21.0640742310592,47.7059257689408
22.574072180754,48.625927819246
37.8426268377287,52.1573731622713
44.9997476824975,49.8702523175025
41.5515368788607,53.4484631211393
40.2069692275945,54.7930307724055
-26.3842675428994,66.0542675428994
-21.8401787623724,66.8401787623724
-18.5007054844533,64.7307054844533
-15.7145086221758,63.6945086221758
-14.3532607107777,66.2532607107777
-13.4325771908978,66.4925771908978
-7.09328528980446,62.5832852898045
2.018946554978,54.641053445022
0.970208897111395,58.8597911028886
4.99406534502936,58.4159346549706
3.53621005668246,61.2437899433175
6.93596465282467,61.0140353471753
-9.71205244527109,10.6320524452711
5.90413128135953,-4.77413128135953
-16.9588070658933,19.3588070658933
-20.3907870493023,23.3907870493023
-22.031900616289,25.761900616289
-21.7564409239155,26.7564409239155
-2.69484687379227,8.69484687379227
-24.9132776114533,31.4632776114533
-25.1317145468362,32.2717145468362
-28.5111651926145,36.3011651926145
-11.571749819748,20.071749819748
-29.326738646172,38.596738646172
-3.3376285904528,4.1476285904528
-5.71157119976396,6.61157119976396
-9.30597712884383,10.3059771288438
-10.5525883788101,11.6625883788101
-12.2294756054161,13.4494756054161
3.87596160501209,-2.61596160501209
-14.1459887136337,15.1859887136337
-18.0171341649219,20.0171341649219
-19.8273166896466,22.0273166896466
-20.0482048108171,22.7082048108171
-18.5181803121136,22.5181803121136
-17.5336546853464,23.6336546853464
-7.42070349058407,21.4207034905841
-1.01775277260182,22.0177527726018
2.02542218686542,27.9745778131346
2.60044992951058,29.3995500704894
1.17027763344516,33.5697223665548
-1.10187583048359,38.6018758304836
-5.31895334074642,45.5789533407464
-3.17241188694875,45.8524118869488
4.32362117106104,45.996378828939
12.5510911238811,44.6089088761189
16.5535721035564,42.9464278964436
18.5567094476264,43.3832905523736
-15.8296274932689,16.3396274932689
-19.390638758671,19.920638758671
-23.172343922533,24.432343922533
-33.0926836325599,36.1926836325599
-42.9063034849411,47.8463034849411
-43.2046361377793,49.2046361377793
-35.6876887116774,49.6876887116774
-42.7685753451571,49.1985753451571
-13.7614764686265,46.1614764686265
-9.69825790962259,42.5982579096226
-0.660404799751971,44.4015081055371
4.47445647081342,47.8355435291866
-17.4297953390091,20.8297953390091
-19.0504965087489,22.8904965087489
-19.8194326082476,24.1194326082476
-16.5055644662394,21.5055644662394
-18.7988088463387,26.2988088463387
-20.7140867115495,30.7140867115495
-0.266903889404919,16.4769038894049
-13.5768693161688,31.8768693161688
-11.6568691801062,32.2568691801062
-11.2096208329923,34.4096208329923
-1.43554873850092,31.1355487385009
2.62284878004774,33.9171512199523
25.2708793124937,51.4291206875063
26.7814983605875,53.5185016394125
25.6004748881934,54.6995251118066
27.5811886622406,55.4188113377594
26.8453738761993,56.1546261238007
32.0555383664459,53.744461633554
30.5091426826374,56.6108573173626
32.7667412731511,57.2332587268489
33.2864299161973,57.8735700838026
34.2380193753963,58.4619806246037
34.7133066191524,59.9266933808476
30.9243932319324,60.9856067680676
-11.2780222595411,72.2780222595411
-12.6154622018314,77.1154622018314
-4.14117684190692,70.1411768419069
3.23793373253285,66.2320662674671
3.66372683557044,66.0362731644296
7.19000388286916,64.2099961171308
15.1291572607021,58.9708427392979
17.9650181407415,59.0349818592585
20.1543763181331,58.8456236818669
23.5645661088828,57.5054338911172
3.4233179866753,40.3177853191098
-13.5360935917684,57.2771968975535
0.531330179348359,0.468669820651641
-11.9460116807748,13.7460116807748
-12.4515420003412,14.4515420003412
-12.2380390277179,14.4380390277179
-13.0440104881523,15.4440104881523
-14.4225859904016,16.9225859904016
-12.787895149178,15.487895149178
-13.1617714856674,16.0617714856674
-12.8503719615254,15.9503719615254
-11.2988535324521,15.2988535324521
-10.7355966942275,15.8355966942275
-10.1856311730844,17.6956311730844
-11.0369272606557,12.2269272606557
-12.5565800511102,14.0565800511102
-13.8182768375804,15.5182768375804
0.0468336122380378,1.85316638776196
-16.9087952606985,19.0087952606985
-16.5087952606985,19.0087952606985
-17.4017048893776,20.3017048893776
-16.906352927208,20.406352927208
-14.4814504304427,20.2814504304427
-15.2114932338358,21.6114932338358
2.15607985657987,4.84392014342013
-15.8040128495764,23.4040128495764
3.19755632153122,40.5435469842539
3.19755632153122,40.5435469842539
3.19755632153122,40.5435469842539
3.19755632153122,40.5435469842539
3.19755632153122,40.5435469842539
3.19755632153122,40.5435469842539
3.19755632153122,40.5435469842539
3.19755632153122,40.5435469842539
3.19755632153122,40.5435469842539
3.19755632153122,40.5435469842539
3.19755632153122,40.5435469842539
3.19755632153122,40.5435469842539
2.28793119423541,35.0120688057646
-9.13532298856678,50.6953229885668
0.0999123553311351,44.9000876446689
-13.2127295834396,65.4627295834396
1.98992359526336,53.0600764047366
-13.4836462324977,71.4836462324977
8.46285345936417,52.6471465406358
4.71369691055022,71.9163030894498
31.4022384725248,52.1577615274752
12.0117075887046,70.3182924112954
30.465207170216,54.434792829784
31.6418828855875,53.3781171144125
12.0707431733342,10.5292568266658
2.85496457835108,26.0450354216489
17.9619727855096,16.3380272144904
16.3881263461951,21.9118736538049
16.662232849275,25.637767150725
4.3231131837355,41.4768868162645
1.11172559907965,46.7882744009203
-3.06568219574904,53.365682195749
-6.62198341046686,59.8219834104669
-9.23866401931877,63.5386640193188
-8.65290276572911,67.8529027657291
-6.3903977558857,70.4703977558857
-4.22930050243096,29.829300502431
-2.19666236234698,32.196662362347
1.9798648284626,34.5201351715374
3.20802249263036,37.1419775073696
9.97445543683147,39.0055445631685
10.7178228171453,40.9821771828548
4.42932733533941,48.1406726646606
5.96411167012296,49.945888329877
7.76228897657712,50.3777110234229
9.14816978158489,53.1118302184151
10.8265931462427,53.3034068537573
13.3731319832747,51.6368680167253
-3.66636086567653,6.66636086567653
-4.28002518678984,7.78002518678984
-4.96181361963336,10.0618136196334
-6.76645594847466,12.2664559484747
-9.06100539888758,15.0410053988876
-17.6331733712335,24.1331733712335
-0.749214071195996,7.729214071196
-15.9547562218744,23.4147562218744
-16.063156883731,24.003156883731
-15.8836220967506,24.3636220967506
18.5771966439781,25.163906661807
-11.6719570930109,28.0519570930109
-11.5201700454988,11.9601700454988
-11.384449158916,11.944449158916
-10.2043999669736,10.9243999669736
-12.1099707967394,13.3099707967394
-4.40316921748062,6.08316921748062
-16.2158454880449,18.4158454880449
-18.2430641735913,21.2430641735913
-18.1150125313242,21.9150125313242
-10.6417143320336,20.7417143320336
-10.1041468109514,18.7241468109514
-8.40578940827627,20.1057894082763
-2.82033880583355,19.3003388058335
-23.7485258855283,28.0385258855283
-30.9771360581801,35.4771360581801
-36.6290538903695,41.6290538903695
-22.0203816498772,27.6203816498772
-38.2848772565828,44.3948772565828
-38.819984078775,45.419984078775
-40.2577590266085,47.3677590266085
-40.5759736677279,48.1959736677279
-30.5711320732682,38.6911320732682
-30.8360532439038,39.4860532439038
5.36229381699037,38.3788094887947
3.19050837750963,40.5505949282755
4.98761958963087,27.3023804103691
5.97724212835375,28.3527578716463
-4.4891216676012,40.9891216676012
-7.38220573689206,46.5922057368921
-8.15065112860326,55.6506511286033
-22.0300022259803,67.9900022259803
-14.9614607236412,67.9614607236412
-11.0636422612897,70.8236422612897
-11.5362748150974,77.4162748150974
-9.12887396788154,80.7088739678815
-4.13162146829327,77.6116214682933
10.6130498995619,70.5869501004381
-4.80072044478952,6.70072044478952
-25.0633709996405,27.0633709996405
-27.6919023622429,30.3919023622429
-29.7368396684631,32.6368396684631
-27.6877799550826,32.0877799550826
-27.5035366402865,34.1035366402865
-27.546308288333,37.546308288333
13.6806759383504,24.7593240616496
-4.43310207839858,45.6431020783986
-7.04532003696897,50.885320036969
-3.26297215539618,40.8129721553962
-18.529432060681,54.819432060681
-0.881584859635946,45.1215848596359
-11.2800589808721,61.860058980872
-5.94700319277548,62.4970031927755
-9.52164264221912,67.3116426422191
-2.88059657683354,64.8205965768335
2.98056768033041,63.7694323196696
8.09534695443876,60.4746530455612
6.30654248163995,63.54345751836
9.61513794455828,63.0848620554417
4.35153598446654,62.7484640155335
10.8039407723846,64.4860592276154
13.3406144570349,65.7393855429652
4.58842588222587,8.35157411777412
5.11085989118008,9.21914010881992
5.54323444766868,10.3567655523313
4.73152933666231,11.2884706633377
8.82116429733239,12.3788357026676
14.619459186326,13.310540813674
14.1728599030905,14.8971400969095
20.0228337487698,17.2871662512302
23.7517814341732,19.2282185658268
36.0516197258488,21.0983802741512
39.3097445819818,23.3702554180182
42.5844259179572,25.3855740820428
3.19755632153122,40.5435469842539
-6.85452066392292,50.595623969708
-6.83089046183217,50.5719937676173
-9.28879703961312,53.0299003453982
-8.29669820412856,52.0378015099137
-7.4768984847904,51.2180017905755
-4.41196675412424,48.1530700599093
-3.6338239029078,47.3749272086929
16.0871306709236,45.7728693290764
22.4686664102652,45.6613335897348
0.409713308311216,43.3313899974739
3.03121650665777,40.7098867991273
-28.6858555977444,70.9958555977444
-17.4935494889412,67.3035494889412
-16.4252295028952,69.4152295028952
-14.7262121446116,71.5862121446116
-12.4492975736133,73.1392975736133
-7.11540498975528,72.5654049897553
-0.520629842265317,69.8506298422653
0.667914859055992,71.052085140944
5.13278120748533,70.7672187925147
4.85314904227585,75.8868509577241
9.02022842778757,75.4097715722124
10.3670300081273,75.6929699918727
-13.9783916882611,76.948391688261
-10.5538747623538,74.9838747623538
-5.64561552317183,74.4656155231718
-4.80551335764981,75.2955133576498
-3.32549809768663,76.7554980976866
-2.90326075643613,77.0132607564361
-3.40019484506221,77.6301948450622
2.5658789323313,73.1041210676687
3.12107349219441,73.3589265078056
4.929941492338,73.790058507662
6.613051935057,74.076948064943
5.33698779897428,75.5330122010257
15.7332346770555,69.2867653229445
19.7021853745271,67.1378146254729
20.8685627153652,67.8514372846348
16.1451564577863,73.6648435422137
17.7669610520501,74.4930389479499
25.4676800496447,69.1623199503553
25.2506073697113,70.7393926302887
25.6097817247412,70.7202182752588
27.0073169755381,69.9626830244619
24.5133235616997,72.5866764383003
25.0581464226776,72.2618535773224
26.7305598926807,71.3194401073193
-5.5696017718699,7.8296017718699
-5.18457870069423,9.18457870069423
-4.70997624447555,11.2099762444756
-4.56095604950051,11.5609560495005
9.91580532168056,-0.515805321680558
17.333603207165,-4.63360320716505
5.68279907536418,11.3172009246358
10.6714456452202,12.2285543547798
17.2239207753414,13.5760792246586
55.2238022104122,0.456197789587783
43.7277882595338,14.2722117404662
44.7063989156977,14.6336010843023
-11.5566851351098,52.7166851351098
-14.2478793307967,56.2678793307967
-13.994927460224,61.444927460224
-13.3787224985726,61.9787224985726
-12.0620014864614,61.8620014864614
-3.99435878139722,54.9943587813972
13.0687114667437,44.4312885332563
18.800434760239,46.199565239761
18.8757427353137,48.1542572646863
23.0957013154127,46.5242986845873
-0.652730750141429,44.3938340559265
28.4939105327773,44.8860894672227
-8.63084540085223,29.4508454008522
-7.75539284599573,35.4753928459957
-5.8663307329449,37.2663307329449
1.24746064818082,36.7525393518192
4.83734674324957,37.4826532567504
5.92501730131826,39.9749826986817
13.5611710901812,36.0188289098188
12.888565108679,41.331434891321
20.6428528252906,43.2271471747094
19.7728597688491,47.7971402311509
23.6672386060685,51.1527613939315
28.4152521775123,51.3047478224877
-7.5592705930672,26.3592705930672
-4.97510837215146,29.5751083721515
-7.64510110410586,36.6751011041059
-7.71844430370769,39.0884443037077
-6.27213155474056,41.4121315547406
-4.14121226908159,44.4212122690816
-0.121557462933224,45.7115574629332
13.3075530952791,35.6324469047209
16.6968855734745,37.3631144265255
16.580836787112,39.219163212888
16.9659257522342,40.5340742477658
20.2171273237477,38.9828726762523
-10.8782634207082,28.8882634207082
-8.0419476271186,28.0419476271186
-26.9982232668622,48.5982232668622
-11.5840533035888,37.1840533035888
-30.9652364193395,57.3652364193395
-12.5353681239142,41.9353681239142
-4.97936616828755,38.8693661682876
-16.4687087288441,54.2887087288441
3.09612605121911,38.1538739487809
-4.97558217605691,49.9255821760569
10.0361832532269,36.8838167467731
7.69331694140598,49.586683058594
-26.6509631144731,36.7309631144731
-28.7135444560145,40.8235444560145
-27.6971540208617,43.5971540208617
-32.3901590631899,51.2901590631899
-33.5123711108741,53.8323711108741
-34.8260560865174,57.9360560865174
-34.3237546732682,59.0837546732682
-37.5018124692772,64.3018124692772
-34.6785083864811,63.6785083864811
-31.6854815851814,65.5054815851814
-22.6402231123983,66.4402231123983
-22.762627261862,73.252627261862
-11.6458249988417,13.4658249988417
-11.6970295165145,13.8270295165145
-13.673816662395,19.673816662395
-9.98321499391468,21.4832149939147
-7.59047539809616,21.5304753980962
-4.8199070277607,21.2199070277607
-1.96156933537392,20.8215693353739
0.592951472989049,20.727048527011
2.52971128383692,21.2502887161631
5.70874457602662,20.5312554239734
23.0950726145138,20.6460306912713
28.3590668119634,20.7709331880366
-8.10774890921407,8.57774890921407
-8.36519599532863,8.90519599532863
-8.73741834874108,9.34741834874108
-9.20441596945141,9.90441596945141
-9.72892845327815,10.5289284532781
-10.0914052656255,10.9914052656255
-10.6090390336731,11.5990390336731
-11.0794123975393,12.1594123975393
-11.2562233363166,12.4362233363165
-11.7658761267711,14.2658761267711
-35.2435469842539,40.5435469842539
-8.80801523482125,20.0080152348213
2.20071719781349,68.3792828021865
6.2099577374284,66.2900422625716
7.03255474101844,67.0674452589816
6.8259123954808,69.6740876045192
1.89980486761719,76.4901951323828
6.50757826554827,73.4924217344517
10.9960687486843,73.2439312513157
13.7632622985447,74.6467377014553
11.903896146445,75.336103853555
11.0030974007831,77.0969025992169
10.7195341042845,78.6404658957155
14.4655846223488,75.7644153776512
-22.2344029131261,29.0844029131261
-7.00856900123915,15.9485690012392
-26.2377118673315,37.2777118673315
-16.4290113838355,34.5590113838355
-13.1638083157729,33.9438083157729
-14.3139517613911,39.0139517613911
-14.3893304487405,39.3893304487405
-13.6973126527714,39.3373126527714
1.37991446756204,27.190085532438
-8.88430689441499,44.184306894415
-2.76653583429218,42.1665358342922
-0.310261850084187,44.2102618500842
-4.83205428303887,5.28205428303887
-5.73086497960347,6.27086497960347
10.8096844495227,-10.0596844495227
-10.2431579703284,11.3431579703284
-9.19110343679992,12.0911034367999
-7.71759874709688,12.3175987470969
-6.53199553339036,14.2319955333904
12.2034773341785,1.65652266582146
-6.31219309319159,21.6821930931916
-0.458233587416949,16.058233587417
-21.5957116067961,37.4957116067961
-0.657053667029129,16.6570536670291
28.4705317182861,47.0994682817139
24.9379768691663,50.2420231308337
22.3586834922594,52.8413165077406
29.7160700190437,51.0139299809563
37.016251174159,48.323748825841
42.3750300074138,47.6249699925862
45.3442071781434,47.9557928218566
50.0419182284411,44.1580817715589
50.5940894539242,44.5159105460758
52.1695175176318,45.4104824823682
-1.24403553894975,44.9851388447348
0.484344956830188,43.2567583489549
-28.9072661111408,41.9072661111408
-12.0650405968978,29.0650405968978
-8.97559717667359,28.9755971766736
-2.79808047877913,30.7980804787791
-2.30808115534953,36.0480811553495
-22.1133276251309,57.3133276251309
0.89148499904376,36.5085150009562
2.54455930991613,39.9554406900839
6.60103409729181,42.8189659027082
23.4323734702913,42.3476265297087
27.5327302518025,41.3672697481975
21.3131414455071,55.8768585544929
6.04311863641206,77.6268813635879
-1.52156976169322,84.0115697616932
-0.290069165031872,87.1800691650319
-2.32272286631616,91.0327228663162
-2.81409761577334,92.6940976157733
12.1198477846591,79.3901522153409
6.2590073724774,80.2709926275226
6.90503263087669,79.5149673691233
8.35531599698501,79.344684003015
9.58225755054552,77.8877424494545
11.002379001161,77.887620998839
9.91532790787043,79.6946720921296
5.4284216089505,65.2515783910495
5.93563858040685,65.6443614195932
13.4784996896878,63.8015003103122
12.2436109613386,65.5763890386614
15.2238898268794,66.2161101731206
15.2830698826537,66.6369301173463
14.5593959591094,69.1906040408906
8.6045855879968,69.4054144120032
9.91633568561869,69.3536643143813
9.61277853911073,70.8872214608893
10.5089066128379,71.5310933871621
12.2996900445048,71.0403099554952
5.78453762543522,28.0854623745648
12.8230792972764,31.7769207027236
17.6606227679514,31.3393772320486
18.0818420013371,30.9181579986629
21.7724016179569,31.1075983820431
24.1394625443522,32.6605374556478
27.1051323989595,33.5748676010405
29.6576384298332,34.9023615701668
31.2834587704369,37.1565412295631
32.4544045460367,40.2455954539633
2.05068978113076,41.6904135246543
0.565362792569875,43.1757405132152
-29.2039792737098,36.7039792737098
-28.2424138600536,37.7424138600536
-26.0023537115385,39.0023537115385
-36.4639002316794,54.4639002316794
-33.4301087631907,57.4301087631907
-28.3967991676663,58.9367991676663
-21.4983254280064,59.5683254280064
-11.428807820849,57.208807820849
-7.24465844260973,55.2946584426097
-7.6568513046583,57.9768513046583
7.11058411987686,52.4894158801231
16.2849776987724,52.4050223012276
-21.5135796550667,28.3935796550667
-22.7265402463762,30.3565402463762
-5.31091213177233,14.5109121317723
-15.0048065578004,25.8748065578004
-13.5487844012434,25.9987844012434
-16.573208304415,30.573208304415
-20.1535698529874,35.7135698529874
-12.0207964518696,29.6207964518696
-22.1098075917906,42.0098075917906
-20.1053197745938,42.6053197745938
-16.5199338823199,44.8199338823199
-0.21188492904943,35.8118849290494
-7.56263936870096,17.572639368701
1.33220016686355,18.7377998331365
-0.547274200421308,27.4472742004213
-0.292368805859851,31.8123688058599
0.872731837579792,36.0672681624202
2.00542539262196,41.294574607378
0.539119680355184,48.5608803196448
-6.43143891871406,54.0014389187141
4.71621690041643,53.7437830995836
11.4559258456503,48.2540741543497
11.0437509799014,51.6762490200986
16.3841959934487,52.4658040065513
3.07814418808057,74.9218558119194
3.784036008981,75.215963991019
13.7076852215682,68.2923147784318
11.7877308196693,69.4822691803307
11.9998534049523,70.3501465950477
10.3860220428492,73.7839779571508
12.5510232867138,73.6389767132862
14.8308468169507,72.7591531830493
8.25515917004002,75.91484082996
8.08513405311498,76.304865946885
9.62732144727208,77.4126785527279
13.0325507636105,75.0974492363896
-16.6216172330594,20.8916172330594
-23.7311298182799,29.1711298182799
-23.1173810070023,30.9173810070023
-25.0595456621477,34.0595456621477
-14.1963020226468,24.7963020226468
-29.1613463218601,44.1613463218601
-27.9571234954939,46.9571234954939
-30.5063675462706,53.5063675462706
-13.6296464847248,41.6296464847248
-17.036650409984,54.916650409984
-16.487056748527,59.487056748527
-37.5037563681237,59.5737563681237
21.7681631583069,36.2318368416931
26.3839978840256,38.6860021159744
26.6945134086877,38.3054865913123
24.4800258984696,40.5199741015304
22.6332399333011,42.3867600666989
4.64480668343244,39.0962966223527
-1.70070431693111,45.4418076227162
-5.18784699689338,48.9289503026785
45.8857571876176,48.5542428123824
-4.66123106458542,48.4023343703705
-4.61059491724812,48.3516982230332
-4.03671858075869,47.7778218865438
-29.2348677949379,67.4348677949379
-21.7724332233281,64.1724332233281
-13.5985190223006,57.9985190223006
-5.23799819576935,56.8879981957694
-3.21705680850022,58.2870568085002
1.68694351182258,58.1830564881774
7.6702630308184,55.5397369691816
10.8755513928303,55.9644486071697
10.7250915561753,58.3649084438247
9.17074969837601,60.719250301624
7.32043563064627,64.9195643693537
16.5106383599886,59.1593616400114
23.606438499772,39.213561500228
24.9397298168535,37.8902701831464
22.7332066351561,40.2667933648439
22.8588891577987,41.1411108422013
23.2761578865164,41.6238421134836
23.5347666869106,42.2652333130894
24.107319600796,42.592680399204
24.8452839293167,42.7547160706833
29.4037033776473,39.0962966223527
25.9522387466338,43.5277612533662
0.773715416285089,42.9673878895
0.61505548796154,43.1260478178236
-2.24508597150099,25.425085971501
-18.3454919378603,42.3954919378603
-17.0224054338579,44.0224054338579
-13.7640006923826,43.7640006923826
-14.3316474508188,46.3316474508188
-11.5667430315661,46.5667430315661
9.65562209053188,41.9443779094681
9.6897000383196,42.8102999616804
10.4298509133868,42.8701490866132
13.381952596435,40.818047403565
-2.48203678966814,63.8820367896681
28.7408009638799,40.8691990361201
9.32370337764734,39.0962966223527
11.5437033776473,39.0962966223527
14.9437033776473,39.0962966223527
18.6037033776473,39.0962966223527
22.4337033776473,39.0962966223527
26.3037033776473,39.0962966223527
30.1737033776473,39.0962966223527
34.0437033776473,39.0962966223527
37.9137033776474,39.0962966223527
41.4137033776474,39.0962966223527
4.64480668343244,39.0962966223527
4.64480668343244,39.0962966223527
-29.8215263209165,38.1215263209165
-34.4538713728918,43.7538713728918
-34.0870183530176,44.5870183530176
-34.7165416901558,47.0165416901558
-32.8966068085123,48.8966068085123
-30.2949880029692,49.9949880029692
-9.14130319236281,32.5413031923628
-12.3692300733254,41.1792300733254
-6.15405465026402,40.664054650264
-5.42302142112611,43.3230214211261
-2.38299601833804,43.882996018338
0.363509829471818,44.0364901705282
-14.1401918086314,15.0601918086314
-20.7839007480464,21.7239007480465
-17.7022976323985,18.7022976323985
-19.601701229866,21.601701229866
-9.87613601801787,12.9761360180179
-25.9110489949558,30.4110489949558
-25.3899956188582,31.7899956188581
-25.824511256865,35.024511256865
-19.8856588289183,32.9856588289183
-18.3015394394851,37.0015394394851
-6.35695340441196,28.186953404412
-16.7828206340574,40.1528206340574
-8.49135691810495,10.841356918105
-14.805989121733,17.105989121733
-8.30211337605704,10.752113376057
-15.553904183349,18.223904183349
-22.056915819381,24.946915819381
-19.9964738493907,23.0964738493907
-20.1070330821947,23.4270330821947
-20.2310578562502,26.3310578562502
-12.3869027566577,26.1869027566577
-13.4597938804946,28.2597938804946
1.18002174592512,14.5199782540749
-6.08767150061926,29.0076715006193
-7.81226043530849,26.0122604353085
-5.09132985671734,28.9913298567173
-1.81123495160299,31.711234951603
0.584008104153024,29.415991895847
-0.631988516180784,31.1319885161808
-0.878057129197613,31.8780571291976
1.15767395605538,30.8423260439446
4.41919016127984,29.5808098387202
1.36711854499716,34.2928814550028
4.857733356418,37.842266643582
7.72678620159118,43.3732137984088
17.0973808445584,44.0026191554416
-7.62600146741499,15.226001467415
-8.03781189286852,16.1378118928685
-13.6320535584246,22.0020535584246
-11.218658271032,20.218658271032
-2.23406877152563,12.0340687715256
-19.4181489865958,30.0181489865958
-15.2562194433114,26.6562194433114
-13.060778751677,27.260778751677
-3.50662128691821,26.3066212869182
-0.0887395095852357,27.2887395095852
7.07023782539868,25.3997621746013
15.3049009680129,23.9550990319871
-7.98739863836402,17.587398638364
-17.5243182068023,27.3243182068023
-18.6803098409663,29.7703098409663
-7.709175401108,23.609175401108
-1.0081568234765,19.1281568234765
-3.5024466562413,21.3024466562413
1.33182639345207,21.6681736065479
4.86008203933402,22.279917960666
8.66051914783923,20.8694808521608
8.46395150796856,23.2760484920314
15.9155983866625,20.1244016133375
19.0454210315411,20.3445789684589
2.74072765701431,63.9592723429857
1.50707262861185,67.8929273713882
-1.14786012571203,73.147860125712
-7.04084282358755,79.2408428235876
-10.7952185824559,83.6952185824559
-10.9966847208898,85.1966847208898
-4.1069808343698,83.9769808343698
2.62116012359576,82.3288398764042
1.69830023935391,85.7816997606461
0.367545659363073,89.0524543406369
-4.99825664194401,95.508256641944
-10.3671534355746,102.107153435575
-15.6240492211678,76.6240492211678
-12.7486568783777,74.7486568783777
-10.2591625138873,75.2591625138873
-6.41021818580637,74.4302181858064
-1.81899840870143,72.3989984087014
-1.16476935779717,73.8047693577972
5.5810308786511,70.0689691213489
8.2945790775962,64.5354209224038
18.9617424072526,60.2982575927474
12.3042602980812,64.4457397019188
8.2167879526228,67.8532120473772
12.455832139474,67.914167860526
25.3388502678108,65.6611497321892
26.1675743760498,66.8324256239502
26.9779373249659,66.4120626750341
28.8187470195405,66.0012529804595
28.1251720288683,68.0848279711317
28.3807784499728,68.1692215500272
28.475867306318,69.684132693682
27.645081283952,70.554918716048
26.7977084728422,71.4422915271578
28.4811232010255,69.7788767989746
54.3370694204968,44.6729305795032
55.1891104647501,44.3108895352499
-13.6635910020989,18.043591002099
-0.652233738003083,5.77223373800308
-21.0507033536806,28.5507033536806
-5.958681141219,16.028681141219
-20.4133024436561,31.5133024436561
-19.4339904175998,31.7339904175998
-19.2738165315198,32.7738165315198
-5.95257653120357,20.8525765312036
-7.12822539783232,23.6282253978323
-8.6996643915992,26.8996643915992
-8.8180953350377,28.8980953350377
1.93804869411163,27.5819513058884
-2.48898783810665,10.4089878381067
-9.35290361079651,16.2729036107965
-11.7114787811985,22.6314787811985
-16.6054104361151,28.8854104361151
-21.5002054500166,36.0202054500166
-24.4040793393308,39.3440793393308
-24.3099084250743,41.4499084250743
-22.6947323200395,44.7547323200395
-27.1284267696165,52.5784267696165
-32.9259464858463,65.2659464858463
-9.37715563642201,49.277155636422
-6.80025972123314,54.4902597212331
-13.6905888769472,25.7105888769472
-30.0596817569168,43.8596817569168
-14.2193094384484,30.1193094384484
-31.8778088695869,50.8778088695869
-30.4550402465653,53.1850402465653
-25.9883381139875,55.9383381139875
-15.0339808605937,54.3839808605937
-12.2409421697691,57.5809421697691
-6.34938211801462,59.5793821180146
1.40081172170946,62.6391882782906
10.668108186838,59.531891813162
1.85917360837106,70.590826391629
-19.8894368306006,20.8894368306006
-20.6294874360242,21.6894874360242
-22.4475662135337,24.9475662135337
-21.9181345756244,26.9181345756244
-43.4368401640638,50.5368401640638
-22.2200821623456,31.4200821623456
-19.8041413998835,31.4541413998835
-14.9383697268415,30.1383697268415
-9.40736293538377,29.3073629353838
20.7127456239425,28.6472543760575
2.98010179984177,30.9198982001582
14.1437667795235,30.1862332204765
-9.12538930046026,74.4653893004603
-1.96885164869118,69.3488516486912
0.36567098620515,69.4843290137948
3.73436670040288,71.1556332995971
3.9144318563072,73.0055681436928
9.30539062729416,68.9446093727058
12.0188982523217,71.4711017476782
11.838743163683,71.651256836317
9.14449885936171,74.3555011406383
11.1735444029164,72.9364555970836
12.2605476407704,74.7394523592296
11.7241027744543,75.2758972255457
4.64480668343244,39.0962966223527
4.64480668343244,39.0962966223527
4.64480668343244,39.0962966223527
4.64480668343244,39.0962966223527
4.64480668343244,39.0962966223527
4.64480668343244,39.0962966223527
4.64480668343244,39.0962966223527
4.64480668343244,39.0962966223527
4.64480668343244,39.0962966223527
4.64480668343244,39.0962966223527
4.64480668343244,39.0962966223527
4.64480668343244,39.0962966223527
-11.3164477924925,70.7064477924925
-7.34542763432255,70.4654276343225
-2.61345532962845,70.1134553296285
-3.7114647100865,72.5814647100865
0.672910106935403,70.1270898930646
0.0579100781185362,70.1920899218815
5.64906207050792,69.3709379294921
4.50573378684023,72.8442662131598
4.97323475388946,74.6767652461105
10.0555713742216,71.5244286257784
12.3155700143488,71.4144299856512
13.4821423734326,73.3078576265674
-33.2774210324554,77.8074210324554
-27.2415968676232,76.0715968676232
-21.9238952516076,75.6038952516076
-22.8897419842412,77.2797419842412
-21.8511829893847,77.6811829893847
-17.8309576527422,76.2909576527422
-17.6958718608825,73.3358718608825
-10.9511079948975,69.0911079948975
-8.18584297033983,69.5058429703398
-6.34262399273559,69.4226239927356
5.64997253837616,68.7400274616238
-1.38291094020387,69.2329109402039
-15.2672845552737,38.8672845552737
-18.1939518018018,42.4939518018018
-17.9896694562524,45.6596694562524
-5.06709500104296,42.507095001043
-5.62859155819428,39.4185915581943
-3.85145138133578,40.9514513813358
-2.82443574343543,43.2244357434354
-3.31672284449775,45.5367228444978
-2.8705003964068,47.2405003964068
10.2344686078243,44.8355313921757
1.48811273008262,66.7218872699174
26.5563100700928,44.2836899299072
17.6210916371953,57.7789083628047
38.2696034719709,39.7303965280291
12.243795291605,65.966204708395
35.3364893608106,43.7135106391894
33.8093740964605,45.6906259035395
21.0980649015448,67.1219350984552
36.5940875258873,52.5159124741127
37.4960310550964,53.5639689449036
37.6341097879949,55.5458902120051
34.6065773882109,57.1234226117891
29.3828171465702,59.3671828534298
30.7156602760283,62.0143397239717
-30.488657597393,53.488657597393
-5.3652145098887,31.3652145098887
-30.7250064289775,57.9250064289775
-1.26862432896877,36.1686243289688
-5.45637877713799,42.456378777138
-4.33672560474249,45.7367256047425
2.89223363621431,43.3077663637857
4.87942058212862,49.3405794178714
22.8251330568636,33.3248669431364
32.4511153587999,32.0488846412001
36.9121796052737,28.2878203947263
45.4357544206556,24.6442455793444
-54.308782635887,65.308782635887
-51.1831197987986,69.3831197987986
-42.6374192214849,74.2374192214849
-34.7054617498441,85.3054617498441
-32.4584044818844,94.3684044818844
-30.1091776791609,93.4091776791609
-23.7232846775484,89.7232846775484
-13.733222887278,84.563222887278
-6.63287447217253,81.2228744721725
-7.48972061333172,83.9197206133317
-3.85334806381281,82.7533480638128
1.43892941955793,80.4410705804421
-14.5746068913699,19.7746068913699
-15.7104134514564,21.8104134514564
-19.0247960389256,26.2247960389256
-18.3110206385307,27.1110206385307
-17.6607306658467,28.1607306658467
-15.2778990555757,28.2778990555757
-14.8993046905247,31.3993046905247
-2.22983081218598,18.819830812186
-19.5334301551586,36.1334301551586
-19.7910722796063,37.6210722796063
-22.3136675538437,41.8136675538437
-21.743291328552,44.413291328552
2.17080082036821,4.82919917963179
1.62058005689368,7.34941994310632
1.46852777382296,7.60147222617704
0.973934786486275,9.02606521351372
-0.515457734835304,11.2654577348353
0.426454018773222,11.0735459812268
-1.5008604594827,13.7508604594827
-1.95190375086609,16.8519037508661
-1.75228153769584,21.1722815376958
5.78357313745754,19.5264268625425
12.5913378813658,20.3986621186342
9.37145673570625,33.6185432642938
-5.91185526806176,5.91185526806176
-6.00637607642472,6.00637607642472
-6.50261032033029,6.50261032033029
-7.2722797598573,7.2722797598573
-8.21748784348695,8.21748784348695
-9.1795746428957,9.1795746428957
34.0686701621396,9.67243314364546
33.498169568806,10.2429337369791
33.0356927564587,10.7054105493264
32.7892635060838,10.9518397997013
4.64480668343244,39.0962966223527
32.2558960874642,11.4852072183209
19.6243492719644,61.3756507280356
39.9808608803786,41.6191391196214
20.4460547629982,63.2539452370018
39.4985003948964,44.2614996051036
16.2338132850518,67.8361867149482
39.338576632497,45.431423367503
17.7794824492268,69.7805175507732
42.5146343136752,47.3853656863248
21.4390188948141,71.4009811051859
22.1063999693599,72.9636000306401
21.475749492235,74.544250507765
17.4541879991575,78.7058120008425
26.4818820608108,17.2592212449743
20.5016300838891,23.239473221896
17.4743076695264,26.2667956362587
-7.44109501619096,51.1821983219761
-12.7558545334462,56.4969578392313
-14.610836154207,58.3519394599921
-11.2889446106961,55.0300479164812
-10.6111575064534,54.3522608122385
-10.1495024561025,53.8906057618876
26.0629110828668,57.8270889171332
51.4463025013409,37.993697498659
6.19372397296431,37.5473793328208
21.3374575076035,20.6625424923965
16.9605989327692,33.8394010672308
11.913853674565,49.486146325435
10.5595959221605,55.2104040778394
17.4889207065889,52.9610792934111
12.2618379093865,63.1981620906135
6.54826772086318,72.1517322791368
12.632954540941,69.367045459059
17.2066370389261,68.3933629610739
34.8141536772328,63.1858463227672
38.3154652316875,61.2845347683125
39.5136743238617,60.0263256761383
-12.7321902694026,28.4321902694026
-29.2178675417503,45.2178675417503
-25.6967902699159,41.9967902699159
-38.2969787900606,55.7969787900606
-32.5473594022963,52.3473594022963
-26.9628830721016,49.9628830721016
-34.5412755051776,62.8412755051776
-26.158169567051,56.408169567051
-19.9049290306292,60.4049290306292
-12.8706805597951,63.6706805597951
-4.70668422584036,67.5066842258404
-2.29638088329874,66.3963808832987
-12.9524901593833,16.5024901593833
-13.6522810369344,19.6522810369344
-14.9785858120789,21.9785858120789
-20.7820297018283,29.7820297018283
-3.15049816341458,13.9004981634146
-11.0052483661457,23.5052483661457
-8.63895699220482,22.8989569922048
0.498685611650479,17.7013143883495
3.18033217164832,18.6896678283517
7.6796288125511,17.8303711874489
23.1326030245801,13.1673969754199
25.8798336743457,21.1501663256543
6.80779868240068,56.6022013175993
11.4602301317813,55.3797698682187
12.5304537683926,55.8895462316074
10.107395901541,59.642604098459
7.84467486179339,65.2753251382066
11.3950263443642,63.8349736556358
12.2280815938088,63.6019184061912
10.9902842639665,68.2097157360335
8.92981593743534,70.9101840625647
13.1828428409254,66.9271571590746
19.2592843406729,64.3207156593271
19.2186060951524,66.9213939048475
2.77041211631433,19.7595878836857
4.07378459658906,26.0662154034109
17.5777226918472,26.1022773081528
-2.32965723188904,54.329657231889
31.2034834386678,30.0465165613322
41.0371462053728,29.4628537946272
43.9871905313104,29.0128094686896
44.3777766092296,29.6222233907704
48.4817222396481,27.6282777603519
50.2745809030693,27.9054190969307
51.9005286969123,28.9994713030877
56.4646739760331,27.8353260239669
-9.87108999316222,13.4510899931622
-12.1816271130305,15.9016271130305
-15.5219203009949,19.3819203009949
-16.5372461853186,23.5372461853186
-19.212512774231,29.212512774231
-17.5721942442166,32.5721942442166
-16.1273736955536,38.1273736955536
-13.0341760459142,38.0341760459142
-5.24848820147845,37.6984882014785
14.8248407520641,24.1751592479359
15.1975195950953,25.6024804049047
15.4475315033532,26.8524684966468
-21.7576321872028,22.2876321872028
-23.8302661507233,25.8302661507233
-25.9427059267772,28.2427059267772
-27.9751808485012,30.4751808485012
-29.7313238377316,32.3313238377316
-31.0516745770283,34.2516745770283
-16.0190809215644,21.4290809215644
-25.4209635231172,35.4209635231172
0.876744691607675,14.8232553083923
-10.2348884398213,26.5348884398213
-17.1543858223176,36.0543858223175
0.474669125793106,23.0053308742069
-35.8030861953849,44.8030861953849
-41.6888545216144,52.4888545216144
-44.9068428334626,58.9068428334626
-43.1987947831618,57.1987947831618
-40.791601108343,55.991601108343
-42.5917106512184,59.0917106512184
-30.0180774722335,47.7780774722335
-9.35547180435406,53.0965751101392
0.261708239147607,43.4793950666375
10.2471567553167,33.4939465504684
9.62997887809081,34.1111244276943
-16.8701978943314,60.6113012001165
31.6641317202853,38.3358682797147
35.9687286301863,39.0312713698137
40.7324266092789,39.2675733907211
44.6015526520792,40.3984473479208
50.1322993798115,39.2777006201885
52.6453861851754,41.1546138148246
52.3033754873047,42.9066245126953
53.7232482578373,42.9167517421627
52.4152660995322,45.6747339004678
52.2954183026084,47.2545816973916
-3.96582797448647,47.7069312802716
45.3519236545213,47.7980763454787
-14.1015054734609,69.3215054734609
-7.677583274127,67.437583274127
-7.30916360753078,69.4291636075308
-11.3839097094396,75.0239097094396
-8.32438652799517,75.5543865279952
-4.19102933728574,72.6410293372857
5.89927061952794,66.230729380472
1.70414270797939,69.6758572920206
6.749450791229,67.630549208771
5.98356597116872,71.6364340288313
14.1079255733994,65.6120744266006
12.7787032148376,68.8012967851624
5.3411571982096,76.8888428017904
9.82863134834662,77.4813686516534
13.0392364296325,77.5807635703675
11.8690043854711,78.1609956145289
13.2958761810839,78.6541238189161
15.53913912437,78.24086087563
16.9084655381688,77.7615344618312
21.2069406017991,75.1730593982009
24.1496081418934,73.9903918581066
24.6971508543697,72.6628491456303
24.7964855172246,72.2635144827753
21.9788977277961,75.1411022722039
-19.0937199877109,68.3337199877109
-18.3249375969811,72.3249375969811
-20.1375401080069,75.3375401080069
-27.4686143710004,87.6686143710004
-40.3864617658281,101.696461765828
-39.3383087605524,105.138308760552
-40.9280611482202,110.70806114822
-33.2112693087636,110.811269308764
-30.8103335043332,112.450333504333
-32.0097728794301,115.17977287943
-36.4789635600644,120.268963560064
-61.4284090328945,147.898409032895
-15.7390280114301,17.3890280114301
-17.3864959859175,19.0164959859175
-14.668135867568,16.368135867568
-19.0639004976657,20.9639004976657
-13.6012894116389,15.9012894116389
-15.3577191579947,18.3577191579947
-15.1253029953144,18.8253029953144
-15.5304278849247,19.7004278849247
-11.929747939773,16.639747939773
-11.0827595979116,17.4827595979116
-11.7707693052639,20.4707693052639
-11.1327584479486,22.9627584479486
-8.86995915076085,9.56995915076084
-10.3804425324076,11.4504425324076
-0.27567901970422,2.53567901970422
-9.77903123869758,13.1090312386976
-10.7804790641971,15.1304790641971
-13.0848036524,18.1348036524
-12.4272350401899,18.2572350401899
-12.7699000997508,18.7699000997508
-0.352073312516869,6.65207331251687
-13.441418326044,20.441418326044
-10.6059381800943,18.6059381800943
3.92087768325517,10.6791223167448
-2.64167734867331,58.4416773486733
13.4596415641481,42.4403584358518
10.8711655050477,45.4288344949523
-11.1404603800291,72.1404603800291
12.6965543337094,53.1034456662906
-22.588801125501,79.648801125501
8.00875275664997,55.66124724335
-8.65357271049572,79.7135727104957
25.1208883349489,53.6691116650511
28.6280467014262,51.5119532985738
5.4417574187456,75.7582425812544
31.9812721028929,52.2087278971071
-22.2829033078361,45.4829033078361
-26.4820103553332,51.2820103553332
-21.6103428584282,48.1403428584282
-19.3172846707423,53.3172846707423
-16.1397528864283,55.0697528864283
-15.3016876398152,59.4016876398152
-11.7938383311426,61.0738383311426
-9.85324809864246,64.3132480986425
-34.1972731540961,93.6972731540961
-6.84329578604251,71.8432957860425
5.27584498222801,65.624155017772
-9.68019866756804,87.150198667568
-8.725839844925,10.295839844925
4.98487668786634,-3.18487668786634
-17.7303809085865,19.7303809085865
-23.9161000158743,26.1161000158743
-30.4697570196197,33.2697570196197
-45.9237023678009,49.4237023678009
-48.6455570386125,55.6455570386125
-42.0055969415864,52.3355969415864
-32.8255475847073,46.8255475847073
-28.6902064374306,47.5902064374306
-12.8866411116226,34.2866411116226
-23.7821545129188,46.0921545129188
-14.9335236940645,65.0135236940645
-7.63518219008294,66.4951821900829
-6.52114032877073,69.5211403287707
-5.78810043828245,73.8081004382824
-7.1888996052258,75.3888996052258
-8.83486379524696,77.744863795247
-3.02502345888336,76.1350234588834
1.93215183579316,74.0278481642068
0.714018607885499,77.3659813921145
4.29184284811457,76.7181571518854
4.09634786763448,77.5636521323655
8.87707373729109,76.9029262627089
-30.6150706874447,35.2150706874447
-33.811646361809,39.411646361809
-30.3953151789732,37.3953151789732
-27.2728739122388,37.2728739122388
-24.7847230670841,37.2847230670841
-23.7231417963589,37.7231417963589
2.31478438965201,14.485215610348
4.52879137403165,14.7512086259684
-8.55127270745346,38.3412727074535
27.3846963847206,11.3153036152794
10.4060985204556,33.3350047853295
8.70555620211326,35.0355471036718
-17.1410691327497,19.0110691327497
-25.8037363154888,28.0837363154888
-29.3161382070101,33.3161382070101
-33.1640953917065,37.6640953917065
-42.7196136534734,47.7196136534734
-40.4233825266291,46.6233825266291
-27.9501610286888,39.7501610286888
-23.2759702803207,40.8759702803207
-16.6328955458862,40.7328955458862
-20.111300270872,44.311300270872
-11.430476542772,46.530476542772
-5.42891327839434,47.7489132783943
-11.5968112609688,33.4068112609688
-12.8822543653701,35.3922543653701
-10.4840616254092,38.8140616254092
-6.97843294219704,41.928432942197
-33.643085984163,69.063085984163
-7.59426200616506,47.7142620061651
-5.22001103890084,50.0200110389008
-1.9476680177516,52.0876680177516
-1.3177274327361,53.5077274327361
-22.9116887824479,78.3116887824479
2.37376809514027,56.2262319048597
7.1152526315903,54.6147473684097
-3.00114662447327,24.7111466244733
-3.24883535028582,29.5888353502858
-4.13105212119315,35.1810521211932
4.53362648808538,32.6463735119146
1.26419792482073,38.4858020751793
8.00907461928823,35.4509253807118
5.3412404458515,39.0487595541485
22.2513909789855,35.1786090210146
12.7415951040031,46.7984048959969
16.6407638548614,36.3892361451386
6.45000723783037,50.2099927621696
31.3814296873855,38.2485703126145
0.0375145477131494,14.4524854522869
0.518025688296269,14.8319743117037
6.48647279311308,13.5135272068869
10.1968828570575,12.6031171429425
12.8963706542,13.0736293458
24.0442992463848,3.75570075361521
-7.65842137677464,37.3084213767746
18.6476168035719,12.8523831964281
20.2478118100412,13.1021881899588
22.3227143068066,12.9772856931934
-2.49629662235266,39.0962966223527
25.1172351151695,12.8827648848305
-18.2749667808243,41.6649667808243
-14.5376467876412,42.0376467876412
-18.5078287565465,48.1878287565465
-24.181475787623,56.251475787623
-27.3311556293572,61.9811556293572
-28.088562709528,65.528562709528
0.159858913036167,66.8401410869638
1.15340082045875,67.8465991795412
2.24272521704511,68.7572747829549
-19.6197226126488,69.5197226126488
-18.7700289649076,69.0700289649076
-11.5640561071192,69.3240561071192
38.0286382409998,29.2213617590002
40.2237440687707,29.8762559312293
45.2655252813151,29.7344747186849
42.7743100776821,37.5256899223179
48.7957857033623,38.2042142966377
50.9935799990223,39.7064200009777
55.0059640607591,37.3940359392409
56.2056418248224,37.1543581751776
58.9772197063613,36.2327802936387
61.0872791588269,35.9627208411731
8.02818745814268,35.7129158476424
46.6346156645465,36.7053843354536
-15.779736124117,25.579736124117
-22.0005651972672,32.0005651972672
-41.1978634818422,51.3978634818422
-45.9215232470013,58.4215232470013
-52.791269626584,69.191269626584
-23.8346381786011,41.5346381786011
-45.3894325477007,65.3294325477007
-18.9609746573737,41.4609746573737
-41.7444852218929,64.0144852218929
-26.1929401323521,49.9029401323521
-22.7309604215964,69.8609604215964
-0.408303077341133,51.4883030773411
-38.7225599848939,71.6225599848939
-43.4143486385195,78.5143486385195
-34.5753764420278,72.0753764420278
-35.0086894586025,70.6186894586025
-12.4566024512539,69.2966024512539
-8.42174427958699,68.731744279587
-12.1268694712087,76.0168694712087
-9.73829945245535,77.8582994524554
-4.45777963018935,74.3377796301893
0.710488663875393,70.5595113361246
-5.37662997814905,76.896629978149
-8.09033787322795,81.570337873228
1.77981601136545,31.3201839886346
6.66822133194448,34.6317786680555
11.135461394993,40.864538605007
1.37686961736759,44.7331303826324
9.23202180038944,46.1879781996106
-7.60628211031539,63.6062821103154
6.5465883485333,50.2234116514667
8.22958180319118,48.8504181968088
11.0225926666988,47.2474073333012
13.6876859223884,48.0723140776116
16.7588849019882,48.0411150980118
35.3933368722105,48.7266631277895
-2.36635786150259,3.92635786150259
-13.5076128198899,16.1876128198899
-14.3526837175178,18.5226837175178
-17.4500543122709,22.0500543122709
-19.9387086166871,24.9387086166871
-22.4638117217225,27.9638117217225
-19.5133429149745,25.5133429149745
-29.1978334743085,35.6978334743085
-24.2116858057261,31.2116858057261
-15.1282040055878,22.9282040055878
-19.0311704539435,29.9311704539435
-5.33434924432004,19.97434924432
-2.34029034956314,2.56029034956314
-2.24974837380957,2.46974837380957
-6.05446756883085,6.30446756883085
-2.49492230093555,3.47492230093555
-5.55998380464376,6.95998380464376
-11.5385251121556,13.3385251121556
-17.3612507295696,24.7612507295696
-19.6876156410852,30.5876156410852
-24.0660828049474,40.0660828049474
-26.0951569184689,49.7151569184689
-14.3241708448164,48.0441708448164
-12.4977259038219,60.6377259038219
-18.0488597324059,23.3788597324059
-17.1519128853703,23.6519128853703
-31.8438902529148,43.4438902529148
-34.3958656023354,46.3958656023354
-30.973837837085,43.913837837085
-40.3530297167955,54.2530297167955
-37.9169529126775,52.7569529126775
-13.0609625761794,38.7509625761794
-19.3914928660869,50.4214928660869
-11.851779071386,48.691779071386
-6.53906573408678,49.3390657340868
1.10204367868126,48.6979563213187
8.9269290239385,34.8141742818466
10.3587019010745,33.3824014047106
23.0313495426767,20.7097537631085
30.6425055122792,23.3574944877208
7.38751407346546,36.3535892323196
3.40127314776382,40.3398301580213
9.46804042853887,34.2730628772462
12.9753795500561,30.765723755729
12.6421053696993,31.0989979360858
31.678268899381,30.711731100619
9.57073310386449,34.1703702019206
41.0018938985124,33.7381061014876
-4.77767190877139,6.50767190877139
-6.31714580845106,8.28714580845106
-0.2487044356691,8.1787044356691
-10.017262053622,19.017262053622
-10.5399064830732,21.6899064830732
-14.7739234228722,28.0739234228722
-15.1481907558494,30.5881907558494
-18.4685088608245,36.0485088608245
-20.1765023883923,40.8765023883923
-20.6491953512176,44.9491953512176
-19.5306143956149,48.1306143956149
-12.8878774501972,47.6978774501972
9.34263155724332,78.0773684427567
13.7732386112447,75.8567613887553
15.2615351514813,75.4584648485187
16.1543534368953,75.2656465631047
18.0912539922146,74.7687460077854
19.6595482811127,74.3004517188873
16.4751900240583,75.1948099759417
13.2007149581038,78.5192850418963
11.7324183136827,78.6775816863173
17.51146348477,75.68853651523
14.373481413055,77.516518586945
14.8883897378648,78.4016102621352
-1.27048536993723,35.7804853699372
-2.1573708877082,36.1473708877082
3.61172860608335,38.3882713939167
12.4158077000917,37.5841922999083
18.9674576519033,39.0325423480967
26.7686878336171,39.2313121663829
32.0330159470689,37.9669840529311
32.9653794090473,41.0346205909527
0.778660208678764,42.9624430971063
42.9137033776474,39.0962966223527
4.64480668343244,39.0962966223527
7.07285214504557,36.6682511607395
29.5536857152666,42.4763142847334
36.5106838401185,43.1893161598815
37.7446596516206,42.7153403483794
37.6075379878491,43.6224620121509
38.2549396092976,43.3850603907024
40.8384054069374,41.9415945930626
39.9496262805658,44.0503737194342
38.0350119089593,47.1649880910407
36.2982244561,50.2017755439
36.2544528688158,51.4455471311842
38.8495026861631,50.1504973138369
42.3540129780048,47.5059870219952
-16.9076414031047,22.2076414031047
-10.9135154054848,18.2135154054848
-16.9563587781997,26.9563587781997
-21.8491212962068,32.4491212962068
-23.4518856516195,36.9518856516195
-27.8487055139137,43.3487055139137
-29.9914945371228,47.5914945371228
-23.1846130933017,42.8846130933017
-20.1404133874019,44.7104133874019
-15.6354848585165,46.0354848585165
-3.65542267093063,41.2554226709306
12.7540236493506,32.1659763506494
-5.82954171471803,6.52954171471803
-6.73283469303394,7.49283469303394
-9.35566625757908,10.1856662575791
5.43720431982138,-4.53720431982138
-12.8290409549706,13.8790409549706
-17.7604460190605,18.9104460190605
-1.88375043981786,3.13375043981786
-17.3151917481063,19.7951917481063
-12.1984346041485,16.5184346041485
-8.80054161986209,19.0205416198621
23.158166532578,20.5829367732071
-5.00071871859498,21.610718718595
-10.053629059813,18.053629059813
-13.014090136616,22.314090136616
4.56260178047317,6.93739821952683
-11.47123126217,25.27123126217
5.51290449738639,10.5870955026136
-10.0301624233291,29.1301624233291
-10.8320512536341,31.8320512536341
7.27096997804414,15.2290300219559
-8.46445104199456,32.5644510419946
-5.10793216368759,31.0079321636876
6.52521228575358,21.1747877142464
-8.30659743180635,38.0065974318063
6.74187432689339,39.2981256731066
17.9201683970975,33.8498316029025
14.2342918856591,37.6657081143409
18.1652430482105,38.5347569517895
16.1704817068854,41.2795182931146
18.6267924943523,46.6132075056477
19.6233823925701,48.4366176074299
25.3166786928238,45.0633213071762
25.3478580092157,46.8121419907843
29.9397603563286,44.5802396436714
32.5911051500215,46.5788948499785
33.891796389213,47.518203610787
4.64480668343244,39.0962966223527
4.64480668343244,39.0962966223527
4.64480668343244,39.0962966223527
4.64480668343244,39.0962966223527
4.64480668343244,39.0962966223527
4.64480668343244,39.0962966223527
4.64480668343244,39.0962966223527
4.64480668343244,39.0962966223527
4.64480668343244,39.0962966223527
4.64480668343244,39.0962966223527
4.64480668343244,39.0962966223527
4.64480668343244,39.0962966223527
24.8390911157713,65.7309088842287
23.9556034891835,68.1243965108165
24.8962735791343,68.4937264208657
23.9290935006547,69.5609064993453
24.95229812372,69.69770187628
26.4342383623242,68.6157616376758
27.8853334566947,68.4146665433053
29.4224276126468,67.3875723873532
30.6816565677062,66.6183434322938
30.8437543045708,65.5162456954292
31.5463563545533,64.9436436454467
31.6144397371079,66.3855602628921
4.64480668343244,39.0962966223527
4.64480668343244,39.0962966223527
4.64480668343244,39.0962966223527
4.64480668343244,39.0962966223527
4.64480668343244,39.0962966223527
4.64480668343244,39.0962966223527
4.64480668343244,39.0962966223527
4.64480668343244,39.0962966223527
4.64480668343244,39.0962966223527
4.64480668343244,39.0962966223527
4.64480668343244,39.0962966223527
4.64480668343244,39.0962966223527
-24.4597430142159,44.4597430142159
-24.4889491437315,51.2889491437315
-19.6012971583413,55.4312971583413
-7.05075295611138,55.0507529561114
4.0515717948396,55.9484282051604
11.5852828310382,54.8647171689618
13.2850278844511,56.9349721155489
15.9920540250107,57.5379459749893
20.2762032877962,56.5737967122038
25.5438306163138,54.6461693836862
34.125743025501,51.374256974499
38.8865891697732,51.3734108302268
-15.1763753609168,22.1763753609168
-15.2564583229196,22.7564583229196
-6.89189086354882,14.8918908635488
-8.24808217686996,16.24808217687
-18.517647175069,26.617647175069
-13.1989633032114,22.1989633032114
-16.7643794394972,26.7643794394972
-16.3162236161523,27.3162236161523
-15.8375751156685,28.2275751156685
-15.9101281866082,29.6901281866082
-18.3988499221418,33.7388499221418
-14.9566288213258,32.0266288213258
21.1388313962626,22.6022719095225
17.5685106727507,26.1725926330344
12.3479670312604,31.3931362745247
11.4875227013586,32.2535806044265
8.22013424683204,35.5209690589531
6.66338167014514,37.07772163564
3.82235794474284,39.9187453610423
-4.44193779265057,48.1830410984357
8.4134656473104,35.3276376584747
7.42801093601263,36.3130923697725
8.0737898750795,35.6673134307056
-4.16663457750727,47.9077378832924
-9.38122472403413,43.2012247240341
-30.2596641702369,69.3396641702369
-28.9202001646425,69.0202001646425
-31.3710601839867,74.0710601839867
-23.9310831037802,64.2310831037803
-24.4759477463786,68.5059477463787
-25.9968045948941,70.9168045948941
-14.7001757016193,65.9101757016193
-6.02453345564694,60.024533455647
1.80577496680201,58.144225033198
-3.9282285128169,65.7382285128169
-3.62411663029847,67.2541166302985
-11.2570435593317,12.4070435593317
-0.596993607917836,2.20699360791784
-18.0947438074835,19.3747438074835
-20.0410266833445,22.0410266833445
-20.2206780445812,23.7206780445812
-19.8225010979614,24.9225010979614
-18.3022093763337,24.8022093763337
-18.5741949993868,26.4741949993868
-17.3963553458868,26.9963553458868
-16.4026668484233,27.6126668484233
13.9766671639475,29.7644361418376
-8.59643657993771,28.5764365799377
-24.8591113964501,39.1291113964501
-13.0698731699258,31.9698731699258
-17.2466189166801,37.0466189166801
-16.0506088041506,40.8106088041506
-15.8520686615718,45.1920686615718
-16.1872413632974,53.0872413632974
-8.90589140026422,51.9158914002642
-4.24470786836099,53.964707868361
-1.38128948110394,54.7812894811039
2.96192441292153,58.1180755870785
9.13031069515634,55.8596893048437
9.02196500895523,59.4980349910448
9.20719748622606,21.3628025137739
3.37871704122247,28.0212829587775
-0.273996853441316,35.0439968534413
-3.11721750809797,39.127217508098
1.57992974332014,36.6200702566799
-1.63516575473393,40.8351657547339
-3.80141949516871,44.0414194951687
-5.28418624077879,46.1341862407788
-3.36882495837825,48.8288249583782
0.00374094975852213,50.4462590502415
-0.00629975665045331,55.0562997566505
6.32965906977485,53.6203409302252
-22.6101878954622,28.8301878954621
-12.816616983434,21.816616983434
-6.8301236991923,31.8301236991923
-6.37692079897959,35.3769207989796
1.01741258059234,29.7825874194077
-5.62581285478542,38.3258128547854
-6.08275078276894,40.7827507827689
-3.11407529475317,40.0140752947532
-3.71785503964217,42.9178550396422
-0.548302318678671,42.1483023186787
-8.91607780436325,53.0160778043632
-12.8830265735158,55.9130265735158
-15.2905594107258,68.4205594107258
-8.76452126757033,67.7345212675703
-8.71417078268964,71.0341707826896
-12.2514546506825,74.2014546506825
-15.9657647067773,78.2757647067773
-16.7154750515895,79.5654750515895
-13.0925081193314,79.6925081193314
-9.74975337599306,77.749753375993
-4.92654920134394,78.2265492013439
0.844295396471574,75.1457046035284
3.25806984435951,74.2819301556405
4.84532615641323,75.5946738435868
-30.905870380303,75.035870380303
-19.0709246903169,67.3409246903169
-16.0373338851878,69.3373338851878
-10.4891724919246,65.7391724919246
-2.44151585583502,62.781515855835
0.0234272130725299,62.0765727869275
-0.794680728544231,65.3846807285442
3.36944835593545,65.2605516440645
4.23992105886932,66.1800789411307
7.31210673881242,66.4778932611876
7.07937558569554,67.5806244143045
5.39691870845718,69.9530812915428
9.23773931019135,28.7622606898086
11.1005038796186,30.3994961203814
12.7501554893611,32.5498445106389
13.6643873599322,34.3356126400678
34.9445740418653,34.0554259581347
34.2795526401687,34.7204473598313
39.789195925375,36.340804074625
26.622834452002,36.847165547998
30.7463540736977,37.8936459263023
28.8411626391405,39.8988373608595
31.0793136495942,39.7806863504058
37.2605348163395,40.4794651836605
4.97503897562997,39.32496102437
6.33490106020227,46.7650989397977
20.0136620636726,48.9863379363274
22.3965438857806,46.6034561142194
18.4276486518132,50.8723513481868
25.0854689724635,60.2145310275365
36.5522811504256,54.9377188495744
36.4623827507057,56.4176172492943
43.6068511852223,51.5131488147777
18.7641959286154,78.6258040713846
47.5510089753241,52.0989910246759
49.0929260642255,50.5570739357745
-19.7463884456886,52.1663884456886
-20.6937512374503,57.2937512374503
-14.3986574835682,54.3286574835682
-9.99307219663273,50.0030721966327
0.562888085794616,45.3171119142054
3.91370479194651,45.8462952080535
8.64195016321889,45.4380498367811
4.43121249769243,51.3287875023076
3.93539347781364,55.5646065221864
10.0770595857875,53.6729404142125
15.198894884244,55.481105115756
14.8246251809015,58.8353748190985
-23.2273142592225,55.2273142592225
-19.6998522617447,62.2498522617447
-14.3011090059668,63.3011090059668
2.89108032855562,55.1089196714444
10.2408850582059,55.7591149417941
10.0947708527051,57.8752291472948
-10.0704031457291,80.5904031457291
-12.0274851175515,82.1274851175515
-10.3021633866938,83.3921633866938
-6.24556891361782,82.2555689136178
-3.84393119347812,84.7039311934781
-3.26661729209209,85.9066172920921
-5.97586001473066,10.4758600147307
-6.37777796199081,14.0777779619908
7.13107682340007,0.868923176599927
-9.50663327650823,16.5066332765082
-12.3632609671497,20.3832609671497
1.3391788962088,7.6608211037912
-15.9634590310925,26.5634590310925
-16.6893203320666,29.1893203320666
1.25809828485896,13.341901715141
-9.71422463437359,26.9142246343736
-9.50139364781742,28.7013936478174
-7.1651936856059,28.5251936856059
-50.4024571926058,55.4324571926058
-34.6933299442383,40.6933299442383
-12.7715126737989,19.7715126737989
-24.9615674426963,35.9615674426963
-10.2465284515881,23.1665284515881
-22.7191679443118,38.0191679443118
-3.93532653859031,25.1353265385903
-2.16228243803806,27.5722824380381
-1.45176354977211,33.1517635497721
9.65936121855081,29.7406387814492
25.5237900462001,23.5762099537999
39.0439065353746,22.1660934646254
21.7743623863235,32.7456376136765
15.7492292235199,38.4607707764801
5.16218151885134,38.5789217869338
6.84528392931666,42.7547160706833
1.14842290658113,42.592680399204
0.527286165910213,43.2138171398749
-0.184995639967848,43.926098945753
0.999890207725042,42.7412130980601
1.34084026646288,42.4002630393222
17.5774893496122,42.6025106503878
-0.172451001437701,43.9135543072228
24.5608612159294,43.2891387840706
5.88990511314507,9.59009488685493
1.82472963460054,14.5852703653995
13.2696832752979,5.48031672470211
-1.01516890568425,21.1751689056843
1.6126482484366,19.9573517515634
-6.53902776510112,29.5390277651011
-4.3508456593596,28.7608456593596
-8.98171255557983,34.8017125555798
-5.9291367614892,33.9291367614892
10.0705073968873,22.5294926031127
6.98047152948417,31.0195284705158
13.526774443604,30.773225556396
-16.3572713444125,52.3572713444125
-23.10118542264,61.10118542264
-25.7974065206154,66.7974065206154
-20.8183199669842,68.3183199669842
-10.7724953477241,64.7724953477241
-3.09810638182528,63.5981063818253
1.57073161340577,63.1392683865942
7.68845974757255,61.9315402524275
19.4507444163887,55.4292555836113
46.7409919897626,47.4390080102374
44.9837938646187,48.3262061353813
48.9273251460665,46.7926748539335
-10.0023903863008,17.1223903863009
-13.5276388466947,21.0276388466947
-17.0392866458774,25.0392866458774
-3.17284009346335,12.9728400934633
-20.0963465928637,30.8963465928637
-21.5880262261198,34.6880262261198
-19.2512626287701,36.9512626287701
-15.9762108806908,37.6762108806908
-11.9655165046982,37.6255165046982
-8.05788572027677,37.6978857202768
2.24691608755259,33.0530839124474
2.24296952217083,41.1570304778292
-13.3054413855944,48.9054413855944
-12.9016224347761,51.0016224347761
-10.5452846654756,51.4452846654756
-10.8727625189075,53.0727625189075
-4.8667651566353,52.9667651566353
3.66087594953188,49.7891240504681
12.4409366569465,49.6390633430535
16.4177208754948,48.9022791245052
17.7528798921801,49.3071201078199
18.7774728642346,51.5525271357654
17.1146750354325,56.2453249645675
17.4684735091358,59.9515264908642
0.984509140978502,39.4554908590215
-1.66304046555358,45.4041437713387
-5.51187363608486,46.5118736360849
-6.7369368703725,49.8969368703725
-8.18331880481386,55.2633188048139
-23.0400786053341,73.440078605334
-9.20502747480787,60.4550274748079
-4.84715271049154,59.1071527104915
-3.83400774318981,60.3440077431898
-2.88411688050501,65.484116880505
-21.344655923025,90.544655923025
3.52375877551109,73.0762412244889
-6.28303400093048,6.53303400093048
-6.3515222377865,6.6115222377865
-16.1063374939001,16.6863374939001
1.82665669037412,-0.926656690374121
-14.7037212132294,17.2037212132294
-22.7953851059999,26.7953851059999
-28.7511426087014,34.8111426087014
-31.2664230099948,37.6064230099948
-24.7848826501644,36.5548826501644
-20.6554183232031,33.8954183232031
-1.60069196721847,17.4006919672185
-11.2199153690207,32.0199153690207
18.1768344346671,50.8231655653329
16.014539406384,52.985460593616
16.1562949605046,54.8437050394954
14.2837788617683,56.7162211382317
13.9947895757904,58.0052104242096
21.238204320463,59.661795679537
22.1873195078995,56.8426804921005
22.4575751906447,56.5524248093553
26.9550812708091,57.4949187291909
27.6191005551449,56.8308994448551
31.3582073250809,56.8117926749191
29.8493172502352,59.1006827497648
6.09205704533367,37.6490462604514
6.09205704533367,37.6490462604514
6.09205704533367,37.6490462604514
5.25336963354489,38.4877336722402
-28.253283455565,71.9943867613501
4.73793139777591,39.0031719080092
4.35480872444572,39.3862945813394
4.23631717599308,39.504786129792
4.04673069846886,39.6943726073162
2.98030676239512,40.76079654339
0.922503537600973,42.8185997681841
0.85140860852939,42.8896946972557
4.37500159518061,61.6749984048194
7.8510645156977,62.1489354843023
12.4606717300401,63.2493282699599
10.4217398564597,64.0182601435403
12.3561988899268,64.3538011100732
9.77377112718696,68.106228872813
14.0994443037443,65.8805556962557
10.0911712306716,67.5388287693284
14.1633076510772,66.3166923489228
6.92770767920212,74.7022923207979
5.10734771128466,75.3426522887153
5.45462557852433,77.3953744214757
-9.21981159811147,67.2198115981115
-3.20607492710826,67.2060749271083
2.48460187473559,67.5153981252644
-1.11983778991327,68.4598377899133
-2.02505186740419,70.3750518674042
1.73802760521739,70.9419723947826
0.132774456864621,71.4572255431354
1.3387727466775,71.7612272533225
3.52141190492593,71.9785880950741
6.20888767618876,72.6811123238112
6.71377306546585,73.0362269345342
9.36937119951522,73.7406288004848
-4.33816247091798,30.838162470918
-4.54466034578128,33.6446603457813
-2.50980721975697,34.809807219757
-0.0493009466706539,36.8493009466707
2.06396918892118,38.2360308110788
4.11860340162355,39.0813965983765
5.46054603499276,41.0394539650072
7.87594561633222,41.9240543836678
9.57384363192253,43.7261563680775
15.1055515987372,43.3944484012628
18.6120916615236,42.5879083384764
22.967791331763,43.232208668237
-1.81774861593387,4.81774861593387
-2.06314490666845,6.06314490666845
-8.39014318220484,13.3901431822048
-14.4450465662031,20.4450465662031
-1.90157172985468,8.90157172985468
-16.7724875242687,24.7724875242687
-17.0061703528518,26.0061703528518
-16.8771991687834,26.8771991687834
-15.1725542480142,26.1725542480142
-13.6145863275272,28.7145863275272
-9.22891613144973,30.1289161314497
-2.50236424548718,31.2023642454872
-5.17451215555,6.31451215555
-5.14776066923836,6.30776066923836
37.4569728386375,6.28413046714761
-8.18707457468368,9.43707457468368
-9.32635400127207,10.7063540012721
-16.5789770535834,18.0789770535834
-16.7831756260096,18.4131756260096
-17.0177558868382,18.7777558868382
-18.2986892965035,20.1786892965035
-18.6310388793834,20.6310388793834
22.5125578878215,21.2285454179636
21.8981726334622,21.8429306723229
-13.0768607235733,21.5068607235733
-24.1627630893689,34.1627630893689
-2.01759275995882,26.0175927599588
-10.7001673679857,44.6701673679857
-6.11449733983473,47.1144973398347
-5.88222313770931,52.3822231377093
6.89074816989518,42.1092518301048
-5.82309797425956,57.7430979742596
-0.765410723988359,54.7654107239884
-1.73371352634084,57.9037135263408
3.25778776338029,59.1422122366197
8.23361277545349,61.4663872245465
3.79660785304254,0.633392146957458
-0.357598350584864,5.49759835058486
-3.5597513262657,10.7197513262657
-5.15756803306211,14.3675680330621
-6.04410936428997,16.13410936429
-5.74504141642091,17.0350414164209
-5.83685187132293,18.6568518713229
-6.00270174382717,20.1927017438272
-6.95569840288677,23.1456984028868
-8.0111586061743,26.0811586061743
-8.64687712433678,28.8268771243368
-0.863083418331611,28.8330834183316
-11.9080520947802,16.3380520947802
-15.7857359157564,20.9257359157564
-18.0380937133567,25.1980937133567
-18.4103204421321,27.6203204421321
-18.5490852073702,28.6390852073702
-17.9119003046312,29.2019003046312
-17.4398698031457,30.2598698031457
-16.9990164621937,31.1890164621937
-17.3726502716254,33.5626502716254
-16.4461274441451,34.5161274441451
-14.8489097447753,35.0289097447753
-7.47067294574697,35.440672945747
6.09205704533367,37.6490462604514
17.9000151162559,25.8410881895292
34.0643509670382,9.67675233874691
33.3453176748485,10.3957856309366
32.022026357767,11.7190769480181
-10.9368890734626,13.1368890734626
-6.62241157452259,9.22241157452259
-6.45294472984301,9.45294472984301
-0.219559345738749,3.71955934573875
-8.99093681206579,13.0909368120658
-11.3992785405825,16.1992785405825
-6.7551287076905,13.4551287076905
-3.08016559003583,62.6801655900358
1.11233316245982,61.2876668375402
3.72465629510233,62.0753437048977
6.67569629744366,60.4143037025563
9.70857251381955,60.1014274861805
11.4880504860496,60.1519495139504
14.107379431913,62.082620568087
16.9448821384589,61.7451178615411
19.4539507274402,61.1060492725598
20.7022558552826,63.8977441447174
21.7564236868105,64.3535763131895
25.5792625631063,65.1407374368937
25.2354274283375,18.5056758774476
9.40827182890827,34.3328314768768
15.2748740443275,28.4662292614576
14.4855534965721,29.255549809213
3.41129767850424,40.3298056272809
11.076578012103,32.6645252936821
-24.9093936283266,35.4093936283266
-22.74208109056,38.00208109056
-34.9545808627249,57.1445808627249
-19.2227855580345,44.3227855580345
-19.1956144721789,47.4956144721789
-30.565169763421,62.565169763421
-10.0863870941012,59.2863870941012
-4.2799029292951,59.9799029292951
-0.739080182116788,63.7390801821168
1.7799872583319,61.4200127416681
3.16202558283949,60.8379744171605
3.0510084457768,61.5489915542232
11.7383494033342,53.6616505966659
7.62710062943112,58.5728993705689
6.01123597675181,60.9887640232482
7.0936798271694,60.7063201728306
11.4402822218489,57.1597177781511
16.9529948758456,52.4470051241544
-10.795427977261,40.795427977261
-12.7144049576655,43.7144049576655
-13.0602556491542,45.5602556491542
-14.4940876139803,48.4940876139803
-2.91311762118232,48.7831176211823
1.59897070339828,47.8010292966017
9.94318786538627,43.2568121346137
-11.8724051544025,69.1724051544025
20.746923306962,40.9530766930381
25.321271626599,41.078728373401
26.4456132218338,42.9543867781662
36.1526038958828,36.3473961041172
6.09205704533367,37.6490462604514
6.09205704533367,37.6490462604514
6.09205704533367,37.6490462604514
6.09205704533367,37.6490462604514
6.09205704533367,37.6490462604514
6.09205704533367,37.6490462604514
6.09205704533367,37.6490462604514
6.09205704533367,37.6490462604514
6.09205704533367,37.6490462604514
6.09205704533367,37.6490462604514
6.09205704533367,37.6490462604514
6.09205704533367,37.6490462604514
-22.9403650248557,43.9403650248557
-10.7579910073624,41.7579910073624
-11.3270722729391,45.0270722729391
-7.43432884039065,44.1343288403907
-4.24604992840142,44.2460499284014
-0.800441350165623,44.3004413501656
6.88835878976921,40.5116412102308
10.4835292291274,38.9164707708726
11.0616035252005,40.4383964747995
13.3682074480415,40.3317925519585
16.6225796370501,39.3774203629499
39.0034110116388,34.9665889883612
32.8608038588593,10.8802994469258
41.2075416621114,2.53356164367369
26.998850043633,16.7422532621521
16.3151758664344,27.4259274393507
17.1635877828451,26.57751552294
17.0018533948396,26.7392499109455
26.7627129688023,16.9783903369828
16.5014742050386,27.2396291007465
-12.2582390957145,26.3582390957145
-9.51804291303556,28.1180429130356
-1.95272853666458,26.5527285366646
-2.38604137145093,28.2860413714509
-31.2905209031126,52.3505209031126
-26.457366413711,57.817366413711
-8.57177166845018,40.1617716684502
-12.0708349381909,44.0708349381909
-11.3579690672176,46.0379690672176
-25.1140662540897,62.5140662540897
-26.9526887562965,67.0326887562965
-11.7701126492121,54.5301126492121
-11.0832959054918,56.4832959054918
-6.86874163930214,55.8187416393021
2.12304062613645,52.9769593738636
4.53321410215389,57.4667858978461
25.1668580311736,64.8331419688264
23.4235902841037,67.5764097158963
21.3552943802149,68.6447056197851
23.5191191971847,69.2508808028153
22.1229074246708,71.0570925753292
24.8969457376911,69.8830542623089
19.7831489625622,72.7368510374378
17.9984496983289,72.6115503016711
15.1455597373165,74.5044402626835
18.0337559533513,74.9762440466487
17.9764844586259,71.2735155413741
19.1511865591416,75.3388134408584
4.91949157762924,74.2805084223708
3.86572328796581,77.4342767120342
5.22594015098258,78.6740598490174
4.86082388726996,80.32917611273
3.23675987705363,81.9632401229464
2.8430245340594,83.4969754659406
-0.0867191804723157,83.7067191804723
3.44899527482509,84.0310047251749
5.42621854150421,83.7037814584958
7.09959119683523,82.5904088031648
10.8220679717015,80.9779320282985
11.9212122498464,81.2287877501536
3.71620471304076,10.2837952869592
-14.3526995034154,31.6526995034154
4.11591041633684,16.5840895836632
-1.14895326068669,23.6489532606867
0.451877893119918,23.8481221068801
2.4328957288596,23.7671042711404
0.0120717188772151,28.0779282811228
0.359357096667391,29.6206429033326
3.64353902002113,28.2264609799789
0.874996815916807,31.8250031840832
-0.603689266727437,34.3736892667274
0.397837486882085,34.2521625131179
-14.8409702204243,23.6209702204243
-14.8104672503172,24.8804672503172
-14.5297051865478,26.0797051865478
-14.1109532062907,27.1409532062907
-12.6595058684433,27.1695058684433
-14.5672545229039,30.5672545229039
-15.5537663563303,33.0437663563303
-15.413460684634,34.393460684634
-17.2267567441551,37.6967567441551
-16.570390095171,38.530390095171
5.9434246838988,37.7976786218863
3.00407652599585,40.7370267797893
-7.69307160210361,9.59307160210361
-11.5689593853689,13.9689593853689
-12.7790795167379,15.6790795167379
0.762865133204634,2.43713486679537
-14.7793891776036,18.7293891776036
-13.7271351261803,18.1271351261803
-14.0580878589381,21.0580878589381
-15.2729706799065,25.2729706799065
-11.8532299756099,25.3532299756099
-9.00282414571091,25.0028241457109
5.10200103081511,11.9979989691849
-9.95009309258322,28.2300930925832
-40.183552972026,58.383552972026
-41.9796246053392,62.0796246053392
-40.6832685209256,63.0832685209256
-44.2387669508814,67.9087669508814
-44.1068579406378,70.5668579406378
-46.2335801626974,75.1735801626973
-41.8681268615006,76.7581268615006
-41.7972883915549,81.1172883915549
-41.396275802284,88.906275802284
-35.8152290576242,88.7052290576242
-33.7970575130148,90.6170575130148
-25.0357410830818,91.6857410830818
-16.295880023295,17.795880023295
-23.5513631974818,25.5513631974818
-26.7004533419646,29.7004533419646
-30.1446145283825,34.1446145283825
-25.2219676273292,32.2219676273292
-19.7406090699274,30.7406090699274
-17.6593618572943,35.1593618572943
-31.4728576582755,50.0728576582755
-30.7742277026383,51.9742277026383
-25.1503204579044,49.3503204579044
-19.480488542031,47.080488542031
-19.7151194213924,47.7151194213924
-6.06366689777149,8.46366689777149
-9.37552950142107,11.9755295014211
-10.9809447554137,13.9809447554137
-1.09738811247074,4.59738811247074
-12.1455741549668,16.1455741549668
-14.6874296395262,19.1874296395262
-14.4447301940727,20.1447301940727
-2.52145277858589,9.64145277858589
-12.7750982380205,24.0850982380205
-14.2053065947127,26.5653065947127
3.10145365381057,12.3985463461894
-4.97188476580348,25.7018847658035
-9.80706179760589,17.9170617976059
-26.5680314823024,36.5680314823024
-3.0625866776808,19.0625866776808
4.74597017091661,20.2540298290834
6.98607059836715,23.0139294016329
8.30726508004114,24.4427349199589
11.4815251098746,24.4684748901254
-1.37183264467414,40.0218326446741
10.4795100182767,29.4704899817233
7.60428279633271,38.5957172036673
14.6888654463091,38.7111345536909
38.5386409076027,23.2513590923973
-13.1937570351431,47.9937570351431
-3.81472904900981,48.1147290490098
-0.208937569725514,48.7089375697255
3.88376120966761,51.3162387903324
4.9115729141774,52.5884270858226
6.02964653818238,53.8703534618176
7.84198717281128,54.5580128271887
7.63179502776749,57.4682049722325
8.9919457750168,58.8080542249832
13.7852194246231,56.8147805753769
19.9342267322934,52.8657732677066
20.0848399967981,54.915160003202
-0.960463075507746,28.4904630755077
1.34812528218233,32.7218747178177
-15.2706360270098,52.0706360270098
-0.276884597337358,39.3768845973374
0.991380118817264,40.4486198811827
4.42586855972881,39.3741314402712
2.25893849786572,43.9010615021343
-23.5047036389798,70.0047036389798
6.39958508938945,43.2004149106106
13.0737394903049,42.4262605096951
20.5710124347038,43.6189875652962
23.4299786485687,43.2700213514313
1.77677343568299,32.593226564317
5.20482709077421,31.1951729092258
9.60725595335374,30.2127440466463
11.4253959944877,31.6446040055123
12.3547455954704,32.7752544045296
10.0914326171295,36.1585673828705
14.0121153251253,37.0278846748747
16.9067598459516,36.8432401540484
21.4663190356815,36.8836809643185
3.90474230468142,60.7752576953186
10.6369705420344,60.4030294579656
13.7858839394911,60.1941160605089
-10.2290091710163,11.9790091710163
-16.4125394786723,18.3625394786723
-21.9553658619891,24.9553658619891
-32.8405774877548,37.8405774877548
-33.7496369342652,40.9496369342652
-32.0551672538316,41.6551672538316
-35.2209365639725,47.4209365639725
-35.3713360821593,50.3713360821593
-35.8009638990052,53.7909638990052
-36.2509056272516,57.5009056272516
6.76134032276447,36.9797629830206
6.37650560300097,37.3645977027841
6.09205704533367,37.6490462604514
6.09205704533367,37.6490462604514
6.09205704533367,37.6490462604514
6.09205704533367,37.6490462604514
6.09205704533367,37.6490462604514
6.09205704533367,37.6490462604514
13.2160016895621,30.525101616223
12.9651945786707,30.7759087271144
12.9434711281211,30.797632177664
13.00864147977,30.7324618260151
13.0520883808693,30.6890149249158
6.09205704533367,37.6490462604514
-30.9629465334129,42.1629465334129
0.233780157622178,12.5662198423778
-6.64951388170949,21.2495138817095
-0.427972187985654,16.9279721879857
3.51619886949435,15.1838011305056
1.84372105523361,19.3562789447664
3.42334822474548,20.6766517752545
-1.63325239888378,28.9332523988838
-0.396396691127731,31.3963966911277
3.72440514294367,31.4755948570563
9.47390455155919,34.2671987542259
8.5752079497663,35.1658953560188
-4.71546645248671,8.59546645248671
8.0880370213344,-3.9880370213344
-10.2995815340344,14.5995815340344
-15.839472144471,20.439472144471
1.37170380602119,3.42829619397881
-17.0929523564623,22.1929523564623
-20.0270219231158,25.4270219231158
-17.8240438963475,23.6240438963475
-3.43124807077137,9.33124807077137
-17.9434370421365,23.8434370421365
-17.0447771805305,23.0447771805305
-2.11476928277226,8.13476928277226
-58.3316825907777,69.3316825907777
-50.6561599306953,68.5561599306953
-46.0713552433199,69.3713552433199
-42.4363639395001,71.1463639395001
-37.4840571962657,72.7540571962656
-35.9421026101415,76.8921026101415
-32.1910424612884,78.4310424612884
-27.5694647202004,76.4494647202004
-20.2336752758468,73.2336752758467
-14.3619906196455,73.2519906196455
-9.55049255118421,72.1004925511842
-2.88556136927058,73.0055613692706
13.3341942374071,49.6658057625929
14.4624724773282,49.5375275226718
20.0490717605637,47.9509282394363
27.3687316948425,50.6312683051575
26.8678304026101,58.13216959739
-4.9981191428059,92.9981191428059
21.6781241228021,68.7218758771979
18.1086913124256,72.3913086875745
11.4268233123828,79.1731766876172
16.5515224781426,78.2684775218574
-6.75480639425171,105.204806394252
22.8495807379858,76.3004192620142
7.45423477573708,70.9357652242629
11.7499755270349,71.8100244729651
13.3623232541451,71.637676745855
13.9623400310354,71.4176599689646
15.4701256048437,72.0098743951563
17.9468076236827,71.8931923763173
20.2412152597227,71.3687847402773
20.4944636081121,71.5055363918879
23.5248716910964,71.2551283089036
19.0775011356993,71.3424988643007
22.0969472559094,68.5930527440906
23.1079110699124,69.4120889300876
22.0112416454482,51.9887583545518
17.4529273260181,53.5470726739819
17.1367954216961,54.5532045783039
13.8121097879476,55.9178902120524
18.2768962648264,56.4231037351736
14.3337927575343,57.0662072424657
16.0432583134327,56.9567416865673
16.9147581678009,57.6352418321991
26.1296357410717,59.4103642589283
29.0948289746726,58.1751710253274
28.7480144852805,59.7519855147195
29.327623005125,60.102376994875
-23.9604287290968,63.2604287290968
-26.0412514328729,67.8412514328729
-24.8516100509787,71.2516100509787
-23.9493709568043,75.3493709568043
-25.0499672742582,79.4999672742582
-24.5205236988546,82.2105236988546
-22.0647478712318,83.5247478712318
-16.7952283535783,81.3652283535783
-15.8213543578834,82.2213543578834
-11.4471952453898,81.7671952453898
5.2634590859491,75.4665409140509
7.22824387235712,76.1217561276429
-4.26466005827429,13.3446600582743
-6.08554809623783,17.9855480962378
-7.17292924725843,23.0729292472584
-9.28609690473231,27.8860969047323
1.64723362640344,21.9527663735966
3.72366563400518,23.0763343659948
13.4629084163606,22.0370915836394
20.9444883564494,21.8555116435506
23.6791496624107,23.1108503375893
24.3347933278437,24.3652066721563
32.4496341108134,22.7503658891866
37.6913280163434,32.7086719836566
2.57554998028178,4.69445001971822
-10.5929108203681,18.0929108203681
-6.5137177818402,14.5137177818402
-9.6271401574842,18.8271401574842
-8.77027477093624,19.3702747709362
-4.86064334113225,16.1606433411322
-1.43679029491052,20.2367902949105
-0.318201148206704,22.6682011482067
-2.26354229512108,26.2635422951211
4.22801990551998,26.57198009448
10.063832852281,29.436167147719
26.5771884142321,24.1528115857679
-12.9300337450763,38.8100337450763
-6.74765043487204,39.447650434872
-2.11843204439396,39.488432044394
0.188851605444282,40.0311483945557
8.13569132532376,40.9143086746762
14.2893623764564,40.6106376235436
15.725974773396,41.274025226604
18.5115190833894,39.4884809166106
22.7817502884229,37.2182497115771
30.0821894430964,31.5178105569036
15.8117077235184,27.9293955822667
17.7493842949592,25.9917190108259
-3.22123895515186,27.1412389551519
-16.2562956699663,42.8062956699663
-25.6219761040184,56.2719761040184
-18.0424395246853,53.1124395246853
-31.9440704507221,68.7440704507221
-12.2392920861437,50.7392920861437
-27.4614936072726,68.4614936072726
-3.5248045759257,48.5248045759257
-11.5973724320711,64.5973724320712
10.5907851961063,47.5492148038937
-1.59944948042878,71.4494494804288
16.178824445453,52.481175554547
-10.2890462604514,37.6490462604514
-10.2490462604514,37.6490462604514
-6.42904626045143,37.6490462604514
-2.04904626045143,37.6490462604514
2.90095373954856,37.6490462604514
7.65095373954856,37.6490462604514
12.4209537395486,37.6490462604514
17.1909537395486,37.6490462604514
21.9609537395486,37.6490462604514
26.7309537395486,37.6490462604514
6.09205704533367,37.6490462604514
12.4933522013472,31.2477511044379
11.0081785035507,13.3518214964493
-8.87632376956071,41.1063237695607
-15.4871350617017,52.8871350617017
-7.71765454420777,48.7976545442078
16.971318198137,26.428681801863
20.6469868206893,25.9530131793107
26.2076591939523,27.4623408060477
26.5526589583709,30.1473410416291
7.98490963131562,51.9150903686844
32.5044681839956,30.7955318160044
31.3246351136569,33.0753648863431
42.3275781008286,28.2924218991714
-6.83796003009958,13.7279600300996
-6.33471177204695,16.2947117720469
-6.61522589177458,18.9652258917746
-4.305906405158,19.215906405158
-2.87863645525745,20.3286364552574
-3.65530005959092,23.6553000595909
10.3304605726809,12.2195394273191
4.60938552843185,19.4806144715681
2.38111397092939,22.1988860290706
4.99522033813082,21.7247796618692
22.5058064015099,21.2352969042753
22.971658957013,20.7694443487721
-10.2223933118164,12.4223933118164
-12.0264153076533,14.5264153076533
-6.16352895664423,9.16352895664423
-17.0208879631061,20.5208879631061
-20.2200092538574,24.3200092538574
-21.2998733475115,26.0998733475115
-16.9345728311222,23.4345728311222
-8.88267135942557,17.6826713594256
-14.459556436748,24.759556436748
-14.6233515628058,26.8233515628058
-15.7482370049385,30.0482370049385
-13.7812723004321,32.4812723004321
-5.41383438553154,8.91383438553154
-11.5035621980418,15.5035621980418
-18.5709651542668,24.9709651542668
-6.17197924382366,14.5719792438237
-23.592288154459,35.592288154459
-22.0567372340194,37.5567372340194
-15.9103720629687,32.2703720629687
-12.6472147499849,35.3872147499849
-13.0525083766731,36.1725083766731
3.53962725793668,20.8603727420633
-6.62710296489648,31.6271029648965
9.04724507146709,17.5427549285329
